iteracion,exito_pct,distancia_objetivo_cm,recompensa_media,choques_suelo_pct,fin_por_choque,fin_por_tiempo
0,0.0,31.1149,-0.2283,0.0,0.0,1.4167
1,0.0,33.7748,-0.5227,0.0,0.0,1.375
2,0.0,34.5776,-0.7252,0.0,0.0,1.7368
3,0.0,34.9017,-0.8756,0.0,0.0,1.5882
4,0.0,35.9807,-1.2705,0.0,0.0,1.9375
5,0.0,30.6156,-1.4445,0.0,0.0,1.5455
6,0.0,34.9056,-1.7789,0.0,0.0,1.8235
7,0.0,34.0302,-1.9537,0.0,0.0,1.4667
8,0.0,35.1764,-2.118,0.0,0.0,1.6875
9,0.0,35.6244,-2.2626,0.0,0.0,1.7333
10,0.0,34.7483,-2.3754,0.0,0.0,1.65
11,0.0,31.209,-2.5083,0.0,0.0,1.6429
12,0.0,33.3198,-2.6585,0.0,0.0,1.4375
13,0.0,33.9733,-2.5108,0.0,0.0,1.5333
14,0.0,35.5987,-2.5008,0.0,0.0,1.6429
15,0.0,34.3878,-2.4735,0.0,0.0,1.5
16,0.0,36.5418,-2.4971,0.0,0.0,1.6
17,0.0,35.0852,-2.2591,0.0,0.0,1.5263
18,0.0,33.9881,-2.0231,0.0,0.0,1.5
19,0.0,30.1977,-1.861,0.0,0.0,1.4545
20,0.0,34.0747,-1.4057,0.0,0.0,1.875
21,0.0,36.424,-1.3628,0.0,0.0,1.6923
22,0.0,34.1997,-1.0673,0.0,0.0,1.9286
23,0.0,33.6293,-0.9791,0.0,0.0,1.75
24,0.0,35.2267,-0.6728,0.0,0.0,1.4706
25,0.0,35.5872,-0.4373,0.0,0.0,1.5
26,0.0,36.7414,0.11,0.0,0.0,1.8333
27,0.0,33.5288,0.6213,0.0,0.0,1.4
28,0.0,36.6836,0.5706,0.0,0.0,1.7273
29,0.0,35.1913,1.0125,0.0,0.0,1.7857
30,0.0,36.0793,1.2479,0.0,0.0,1.5333
31,0.0,36.5494,1.3076,0.0,0.0,1.9091
32,0.0,33.503,1.9749,0.0,0.0,1.5
33,0.0,37.5096,2.2306,0.0,0.0,1.6875
34,0.0,33.8055,2.6691,0.0,0.0,1.625
35,0.0,35.3092,2.6598,0.0,0.0,1.9375
36,0.0,37.2,2.7093,0.0,0.0,1.4615
37,0.0,33.6124,3.1004,3.5714,0.0526,1.4211
38,0.0,35.9302,3.2212,0.0,0.0,1.6
39,0.0,32.9172,3.6663,0.0,0.0,1.3077
40,0.0,34.719,4.3645,0.0,0.0,1.5625
41,0.0,34.2459,4.7959,0.0,0.0,1.4615
42,0.0,34.5393,5.349,7.1429,0.1,1.3
43,0.0,34.2323,6.8832,5.5556,0.0909,1.5455
44,0.0,34.6444,7.6707,3.4483,0.0588,1.6471
45,0.0,34.8247,8.5784,8.6957,0.1429,1.5
46,0.0,33.5091,9.169,2.5641,0.0526,2.0
47,0.0,34.589,9.437,5.5556,0.0769,1.3077
48,0.0,35.5926,10.2343,0.0,0.0,1.875
49,0.0,34.2445,10.9235,8.3333,0.125,1.375
50,0.0,34.77,11.4879,10.0,0.1765,1.5882
51,0.0,35.7457,12.1415,3.4483,0.0588,1.6471
52,0.0,35.2837,12.7838,0.0,0.0,1.6842
53,0.0,34.6418,13.0775,0.0,0.0,1.4615
54,0.0,32.6369,13.6626,4.7619,0.0667,1.3333
55,0.0,35.3083,14.0441,8.0,0.1333,1.5333
56,0.0,34.225,14.3419,9.375,0.1875,1.8125
57,0.0,32.4224,14.9112,5.5556,0.0909,1.5455
58,0.0,33.218,14.9844,12.0,0.2,1.4667
59,0.0,32.5153,15.2601,12.9032,0.2105,1.4211
60,0.0,33.9805,15.4713,8.0,0.1111,1.2778
61,0.0,35.7388,15.1857,13.6364,0.2,1.2667
62,0.0,33.6403,15.6081,10.7143,0.2,1.6667
63,0.0,32.7582,16.0935,7.6923,0.1333,1.6
64,0.0,36.8425,16.6454,12.5,0.2667,1.8667
65,0.0,36.1167,17.1068,6.8966,0.125,1.6875
66,0.0,33.8494,17.4392,0.0,0.0,1.2143
67,0.0,32.4934,18.0372,3.8462,0.0556,1.3889
68,0.0,35.2939,18.4085,12.1212,0.2353,1.7059
69,0.0,33.2329,18.595,0.0,0.0,1.6154
70,0.0,32.3472,18.7696,4.7619,0.0769,1.5385
71,0.0,33.4727,18.7703,0.0,0.0,1.7692
72,0.0,32.6678,18.9215,5.2632,0.0714,1.2857
73,0.0,34.8995,19.4912,0.0,0.0,1.5
74,0.0,37.3744,19.6519,6.0606,0.1111,1.7222
75,0.0,33.7171,19.5716,6.8966,0.1176,1.5882
76,0.0,33.7083,19.6522,3.5714,0.0667,1.8
77,0.0,38.1868,19.4992,7.4074,0.125,1.5625
78,0.0,34.7917,19.5041,4.5455,0.0667,1.4
79,0.0,34.5122,19.715,10.0,0.1765,1.5882
80,0.0,35.1185,19.7103,4.5455,0.0625,1.3125
81,0.0,32.1671,20.029,0.0,0.0,1.3636
82,0.0,37.1592,20.24,4.3478,0.0625,1.375
83,0.0,37.0783,20.0657,15.7895,0.2,1.0667
84,0.0,34.1981,20.3542,10.0,0.1538,1.3846
85,0.0,36.7111,20.6379,0.0,0.0,1.5
86,0.0,36.2735,20.8173,6.6667,0.125,1.75
87,0.0,37.0504,21.2822,0.0,0.0,1.7692
88,0.0,35.7172,21.3318,3.8462,0.0667,1.6667
89,0.0,37.0655,21.4422,0.0,0.0,1.5
90,0.0,37.8983,21.4714,6.6667,0.125,1.75
91,0.0,31.471,21.5002,7.6923,0.1429,1.7143
92,0.0,35.5597,21.2351,11.1111,0.1765,1.4118
93,0.0,38.4347,21.1746,3.7037,0.0588,1.5294
94,0.0,37.1188,21.0422,9.6774,0.1667,1.5556
95,0.0,37.9004,20.8608,19.0476,0.2857,1.2143
96,0.0,37.461,20.8409,11.1111,0.1765,1.4118
97,0.0,36.4823,20.7626,10.3448,0.1765,1.5294
98,0.0,36.372,21.2108,7.1429,0.1333,1.7333
99,0.0,35.2457,21.2292,15.7895,0.3,1.6
100,0.0,34.4103,21.5655,0.0,0.0,1.625
101,0.0,34.2604,22.0424,0.0,0.0,1.5263
102,0.0,33.5695,21.8813,9.0909,0.125,1.25
103,0.0,34.5709,22.239,0.0,0.0,1.75
104,0.0,34.3365,21.9031,7.1429,0.1333,1.7333
105,0.0,34.3958,21.7015,7.1429,0.1333,1.7333
106,0.0,36.6154,21.7919,0.0,0.0,2.0
107,0.0,34.7172,21.9242,4.1667,0.0667,1.5333
108,0.0,36.467,22.1648,11.1111,0.125,1.0
109,0.0,36.1584,22.1753,3.3333,0.0556,1.6111
110,0.0,35.1921,22.3023,3.3333,0.0588,1.7059
111,0.0,30.9697,22.2047,11.1111,0.2,1.6
112,0.0,35.5408,22.3981,0.0,0.0,1.6429
113,0.0,34.3708,22.642,0.0,0.0,1.4286
114,0.0,36.4454,22.6291,0.0,0.0,1.6923
115,0.0,30.8204,22.4466,11.1111,0.1538,1.2308
116,0.0,34.7917,21.9827,13.5135,0.2632,1.6842
117,0.0,36.8894,21.9329,0.0,0.0,1.5294
118,0.0,33.601,22.2272,3.125,0.0625,1.9375
119,0.0,37.332,22.0485,18.1818,0.2857,1.2857
120,0.0,31.6654,22.7031,0.0,0.0,1.4667
121,0.0,36.259,22.7346,3.7037,0.0667,1.7333
122,0.0,35.0552,22.3695,10.0,0.125,1.125
123,0.0,38.4772,22.3327,4.7619,0.0769,1.5385
124,0.0,35.7451,22.5043,0.0,0.0,1.4
125,0.0,32.9398,22.2951,5.5556,0.0769,1.3077
126,0.0,36.1836,22.4317,4.3478,0.0667,1.4667
127,0.0,34.4354,22.4949,6.25,0.1053,1.5789
128,0.0,34.8913,22.5101,0.0,0.0,1.625
129,0.0,33.9186,22.6466,7.1429,0.1333,1.7333
130,0.0,35.2176,22.5765,10.0,0.1429,1.2857
131,0.0,37.1492,22.7485,0.0,0.0,1.75
132,0.0,30.1171,22.827,4.1667,0.0625,1.4375
133,0.0,34.883,22.7764,3.7037,0.0714,1.8571
134,0.0,38.6843,22.7707,6.25,0.1053,1.5789
135,0.0,32.88,22.869,0.0,0.0,1.5556
136,0.0,34.2911,22.9882,0.0,0.0,1.6875
137,0.0,32.0495,23.1782,0.0,0.0,1.375
138,0.0,35.9063,22.8801,13.7931,0.2222,1.3889
139,0.0,35.1092,22.6029,4.3478,0.0667,1.4667
140,0.0,33.6549,22.6577,0.0,0.0,1.7857
141,0.0,33.7465,22.5295,0.0,0.0,1.7273
142,0.0,30.0672,23.4017,0.0,0.0,1.7222
143,0.0,31.0359,23.5018,3.8462,0.0588,1.4706
144,0.0,33.391,23.3775,0.0,0.0,1.4286
145,0.0,32.3162,23.5553,0.0,0.0,1.7692
146,0.0,33.7935,22.8966,9.6774,0.1875,1.75
147,0.0,33.5645,22.9409,3.8462,0.0714,1.7857
148,0.0,33.8716,23.0729,0.0,0.0,1.875
149,0.0,34.1467,23.2215,8.0,0.125,1.4375
150,0.0,32.3928,23.276,0.0,0.0,1.4375
151,0.0,31.9464,23.3588,0.0,0.0,1.5789
152,0.0,32.7234,23.2171,0.0,0.0,1.5714
153,0.0,37.5139,23.0515,10.0,0.1818,1.6364
154,0.0,35.0146,23.0023,4.5455,0.0769,1.6154
155,0.0,33.1418,23.1003,9.0909,0.1429,1.4286
156,0.0,36.9641,23.102,0.0,0.0,1.6923
157,0.0,31.1834,23.4207,0.0,0.0,1.5625
158,0.0,32.5152,23.6354,6.25,0.1176,1.7647
159,0.0,33.0018,23.6536,0.0,0.0,1.5714
160,0.0,33.8496,23.5161,6.0606,0.1176,1.8235
161,0.0,35.0512,22.987,14.2857,0.25,1.5
162,0.0,31.7154,23.0914,0.0,0.0,1.5333
163,0.0,36.1154,22.8174,8.0,0.1176,1.3529
164,0.0,35.3593,22.844,0.0,0.0,1.3333
165,0.0,32.7369,22.9955,0.0,0.0,1.5333
166,0.0,33.1713,23.5571,0.0,0.0,1.3571
167,0.0,34.3245,23.6458,0.0,0.0,1.5
168,0.0,32.3615,23.7572,2.8571,0.0476,1.619
169,0.0,29.5536,23.8124,7.4074,0.1333,1.6667
170,0.0,33.0803,23.5957,5.2632,0.0769,1.3846
171,0.0,31.1426,23.3837,8.3333,0.1667,1.8333
172,0.0,31.4013,23.4226,0.0,0.0,1.25
173,0.0,31.0864,23.3811,6.6667,0.1429,2.0
174,0.0,32.9993,23.2012,7.6923,0.1333,1.6
175,0.0,34.2462,23.3367,6.25,0.1,1.5
176,0.0,33.3606,23.3802,3.3333,0.0556,1.6111
177,0.0,32.0062,23.3835,0.0,0.0,1.7333
178,0.0,32.1008,23.7668,8.0,0.125,1.4375
179,0.0,32.4771,23.8805,4.7619,0.0714,1.4286
180,0.0,32.7529,24.0187,0.0,0.0,1.625
181,0.0,32.7988,24.2232,0.0,0.0,1.5294
182,0.0,33.6686,24.2097,9.5238,0.1667,1.5833
183,0.0,30.5711,24.1799,0.0,0.0,1.6429
184,0.0,30.4379,24.4266,0.0,0.0,1.5294
185,0.0,32.4464,24.255,0.0,0.0,1.4667
186,0.0,34.8692,23.7112,13.0435,0.25,1.6667
187,0.0,29.452,23.9789,3.5714,0.0667,1.8
188,0.0,30.84,23.5154,3.7037,0.0667,1.7333
189,0.0,30.3699,23.921,0.0,0.0,2.2857
190,0.0,33.4555,23.5297,19.4444,0.3889,1.6111
191,0.0,32.7821,23.2272,11.1111,0.1429,1.1429
192,0.0,32.0906,23.4667,3.7037,0.0526,1.3684
193,0.0,32.2442,23.5569,0.0,0.0,1.9375
194,0.0,33.4316,24.0682,4.7619,0.0714,1.4286
195,0.0,30.8785,24.024,13.0435,0.2308,1.5385
196,0.0,31.2386,23.9067,4.1667,0.0714,1.6429
197,0.0,32.7011,23.675,0.0,0.0,1.5385
198,0.0,30.767,23.6385,0.0,0.0,1.4167
199,0.0,29.3647,24.1471,0.0,0.0,1.7222
200,0.0,32.8654,24.5465,0.0,0.0,1.8235
201,0.0,29.1242,24.1638,11.5385,0.2308,1.7692
202,0.0,27.6217,23.7683,15.625,0.2941,1.5882
203,0.0,30.2542,23.6336,4.1667,0.0667,1.5333
204,0.0,32.8293,23.5329,7.6923,0.1333,1.6
205,0.0,31.9793,23.9485,0.0,0.0,1.375
206,0.0,33.5779,24.1852,6.25,0.0769,1.1538
207,0.0,30.1746,24.3018,0.0,0.0,1.5
208,0.0,29.545,24.0831,5.5556,0.0714,1.2143
209,0.0,31.5278,24.3208,8.3333,0.1429,1.5714
210,0.0,27.3566,24.459,0.0,0.0,1.5882
211,0.0,28.6093,24.7831,0.0,0.0,1.7333
212,0.0,28.4496,24.8898,4.3478,0.0769,1.6923
213,0.0,30.0186,24.9184,0.0,0.0,1.7143
214,0.0,31.4586,24.5607,8.6957,0.1429,1.5
215,0.0,29.3746,24.3889,3.8462,0.0714,1.7857
216,0.0,29.3034,24.1967,15.1515,0.2632,1.4737
217,0.0,28.8627,24.4552,3.7037,0.0625,1.625
218,0.0,28.1596,24.515,3.3333,0.0556,1.6111
219,0.0,28.1905,24.7791,0.0,0.0,1.6471
220,0.0,30.2343,24.651,8.6957,0.1429,1.5
221,0.0,26.7674,24.6032,0.0,0.0,1.625
222,0.0,26.6525,24.8913,7.4074,0.1176,1.4706
223,0.0,29.1092,24.7176,17.2414,0.3125,1.5
224,0.0,26.7275,25.0547,10.0,0.1818,1.6364
225,0.0,24.8759,24.5977,11.5385,0.1875,1.4375
226,0.0,24.484,24.4205,4.0,0.0625,1.5
227,0.0,25.9336,24.814,4.5455,0.0714,1.5
228,0.0,21.7617,24.9297,4.3478,0.0833,1.8333
229,0.0,22.0265,25.7374,0.0,0.0,1.8667
230,0.0,24.654,25.5242,9.6774,0.1875,1.75
231,0.0,24.4239,24.6119,18.9189,0.3684,1.5789
232,0.0,24.1765,23.8325,11.4286,0.25,1.9375
233,0.0,25.3653,23.6194,14.2857,0.1875,1.125
234,5.5556,19.422,24.5641,7.1429,0.1111,1.4444
235,2.0833,21.4013,25.8006,0.0,0.0,1.8125
236,0.0,28.3013,25.4495,18.1818,0.3077,1.3846
237,0.0,20.1126,25.2843,10.7143,0.2,1.6667
238,3.5714,22.4105,25.4671,9.0909,0.1429,1.4286
239,0.0,18.3583,25.5237,4.5455,0.0714,1.5
240,17.3077,19.9593,25.6289,20.0,0.3077,1.2308
241,7.6667,19.8064,26.0916,12.5,0.25,1.75
242,30.3922,18.1157,26.3229,17.8571,0.2941,1.3529
243,7.4074,22.3391,26.3842,20.5128,0.4444,1.7222
244,17.7083,20.8131,26.6635,18.75,0.375,1.625
245,17.7083,22.3563,26.7718,17.3913,0.25,1.1875
246,25.5556,21.0345,27.4518,12.5,0.2,1.4
247,26.6667,18.1222,27.7099,11.1111,0.1667,1.3333
248,35.7143,18.9832,28.2047,13.0435,0.2143,1.4286
249,12.963,23.4172,27.5091,25.0,0.3333,1.0
250,25.2381,22.1897,27.3318,18.1818,0.2857,1.2857
251,28.125,19.7123,27.4896,12.5,0.1875,1.3125
252,16.6667,21.1977,27.4567,14.2857,0.2667,1.6
253,33.5714,19.583,27.5194,24.0,0.4286,1.3571
254,31.5789,24.46,28.1254,18.1818,0.3158,1.4211
255,38.3333,24.9689,27.7929,32.0,0.5333,1.1333
256,44.4444,17.8235,28.2815,18.1818,0.3333,1.5
257,47.9167,19.7614,28.6645,13.6364,0.1875,1.1875
258,32.8571,22.9202,29.3252,16.6667,0.2857,1.4286
259,28.6458,18.9573,29.7109,10.7143,0.1875,1.5625
260,26.6667,25.4951,29.5454,15.3846,0.2667,1.4667
261,36.2222,18.3958,29.6719,11.1111,0.2,1.6
262,30.0,21.5904,29.3184,16.6667,0.2667,1.3333
263,32.4561,20.5331,28.8687,23.3333,0.3684,1.2105
264,47.549,17.1363,29.4195,23.0769,0.3529,1.1765
265,25.5952,21.9644,28.7282,18.5185,0.3571,1.5714
266,36.3636,19.1527,28.6939,11.7647,0.1818,1.3636
267,28.4314,23.1174,29.4853,14.8148,0.2353,1.3529
268,52.2222,12.5413,30.189,15.3846,0.2667,1.4667
269,46.6667,19.7221,30.2187,26.9231,0.4667,1.2667
270,51.4706,22.0839,30.2777,27.5862,0.4706,1.2353
271,43.1373,17.979,30.3859,12.9032,0.2353,1.5882
272,37.2549,20.2841,30.5712,23.3333,0.4118,1.3529
273,34.4444,20.5404,30.5469,6.8966,0.1333,1.8
274,40.5882,17.8395,31.7825,8.5714,0.1765,1.8824
275,39.5833,18.628,31.3934,25.0,0.375,1.125
276,36.8421,19.2567,30.4885,23.5294,0.4211,1.3684
277,56.7708,23.3044,29.3369,37.5,0.75,1.25
278,25.0,24.5164,30.3379,12.5,0.2143,1.5
279,49.4048,16.5045,30.6999,16.0,0.2857,1.5
280,58.8889,16.565,31.7243,8.0,0.1333,1.5333
281,53.6458,18.3908,32.0686,19.2308,0.3125,1.3125
282,37.7451,23.4312,31.8895,17.2414,0.2941,1.4118
283,33.7963,21.9461,31.6572,21.0526,0.4444,1.6667
284,56.3726,18.05,30.6858,18.5185,0.2941,1.2941
285,45.9259,17.3512,32.9241,2.7027,0.0556,2.0
286,38.4615,21.2292,34.1323,0.0,0.0,1.6154
287,56.6667,17.2973,35.0414,10.0,0.1333,1.2
288,36.6667,14.7174,35.1626,5.2632,0.0667,1.2
289,25.641,21.8785,33.8371,27.2727,0.4615,1.2308
290,19.7917,24.7114,32.2172,25.9259,0.4375,1.25
291,34.5238,22.5117,30.77,20.0,0.2857,1.1429
292,38.8889,20.3811,29.8145,25.0,0.5,1.5
293,37.2222,20.8762,30.7098,12.9032,0.2222,1.5
294,33.2143,22.8475,30.9193,17.8571,0.3571,1.6429
295,52.0833,19.1605,31.3102,20.0,0.25,1.0
296,58.3333,14.7106,33.625,7.5,0.1429,1.7619
297,53.8462,18.2578,34.0163,16.6667,0.2308,1.1538
298,30.5556,23.1696,33.6591,20.0,0.3333,1.3333
299,46.0784,19.056,32.5304,24.3243,0.5294,1.6471
300,34.3939,21.6325,31.2098,22.7273,0.4545,1.5455
301,50.0,18.0399,32.0489,17.3913,0.2667,1.2667
302,26.4706,25.9502,32.5163,18.5185,0.2941,1.2941
303,45.0,20.4063,32.4706,26.087,0.4,1.1333
304,49.0196,19.7524,31.6664,22.2222,0.3529,1.2353
305,37.7778,18.3155,32.4709,6.8966,0.1111,1.5
306,39.8148,22.5357,34.5342,10.0,0.1667,1.5
307,38.0952,19.1568,34.1153,20.8333,0.3571,1.3571
308,66.6667,12.5168,35.6938,11.1111,0.1667,1.3333
309,46.6667,16.6555,35.6927,4.5455,0.0667,1.4
310,81.1111,11.1721,36.7414,4.1667,0.0667,1.5333
311,43.75,21.112,36.6428,11.5385,0.1875,1.4375
312,65.6863,11.1282,37.6473,6.8966,0.1176,1.5882
313,44.4444,15.0355,36.624,11.4286,0.2222,1.7222
314,24.4444,22.0227,35.9983,7.4074,0.1333,1.6667
315,48.2143,14.9598,36.9007,10.0,0.2143,1.9286
316,50.0,18.0521,37.2087,5.2632,0.0714,1.2857
317,52.5,18.7267,37.8911,4.1667,0.05,1.15
318,63.6161,13.4165,38.1904,6.25,0.125,1.875
319,49.4792,18.2108,37.2216,12.9032,0.25,1.6875
320,48.8889,22.2602,36.2769,24.1379,0.4667,1.4667
321,39.5833,19.2732,35.9145,12.0,0.1875,1.375
322,30.2083,27.6615,34.2789,33.3333,0.5,1.0
323,48.8889,20.0065,34.2513,25.9259,0.4667,1.3333
324,36.6667,22.8255,33.6895,11.1111,0.2,1.6
325,47.2222,20.5111,33.819,21.875,0.3889,1.3889
326,48.1481,19.9763,33.9212,17.1429,0.3333,1.6111
327,46.6667,21.3867,33.7467,27.5,0.55,1.45
328,56.25,13.7939,34.284,19.2308,0.3125,1.3125
329,58.3333,14.939,35.0965,16.6667,0.25,1.25
330,39.7436,22.7874,34.9138,27.2727,0.4615,1.2308
331,16.6667,26.8315,35.3411,15.0,0.25,1.4167
332,37.2222,21.3038,36.3643,24.1379,0.4667,1.4667
333,38.0208,23.245,34.0369,37.037,0.625,1.0625
334,53.9216,16.8583,34.4786,16.0,0.2353,1.2353
335,49.6667,20.8509,34.1828,18.5185,0.3333,1.4667
336,61.1111,18.0345,36.5131,7.6923,0.1333,1.6
337,55.8333,17.8139,36.4269,25.8065,0.4,1.15
338,60.6481,15.6916,36.9541,6.4516,0.1111,1.6111
339,45.098,23.3763,34.8358,33.3333,0.5294,1.0588
340,52.6316,17.3179,34.1923,19.3548,0.3158,1.3158
341,53.4314,19.0672,36.261,0.0,0.0,1.8824
342,58.0,20.0297,39.151,5.5556,0.1,1.7
343,55.7692,18.9994,39.9112,14.2857,0.2308,1.3846
344,52.5641,17.773,40.6259,5.2632,0.0769,1.3846
345,50.0,22.3259,39.5643,21.7391,0.2778,1.0
346,65.0,17.3419,38.8046,23.0769,0.3,1.0
347,44.0741,20.5167,38.0625,19.3548,0.3333,1.3889
348,61.4583,14.2954,36.4888,14.8148,0.25,1.4375
349,71.5686,20.5533,35.8736,40.9091,0.5294,0.7647
350,62.5,19.9649,36.0507,19.0476,0.25,1.0625
351,36.6667,24.2641,35.8513,27.2727,0.4,1.0667
352,43.3333,21.2821,35.6856,17.8571,0.3333,1.5333
353,47.9167,18.0004,37.9145,16.0,0.25,1.3125
354,54.6875,20.9982,37.688,20.0,0.375,1.5
355,58.3333,16.9788,38.0726,6.8966,0.1,1.35
356,67.9487,12.26,40.1131,12.5,0.2308,1.6154
357,53.7963,16.8086,39.5351,23.6842,0.5,1.6111
358,21.1111,25.7114,37.1697,28.5714,0.4,1.0
359,49.0196,19.267,37.513,4.0,0.0588,1.4118
360,59.0,15.1197,36.9897,20.5882,0.4667,1.8
361,60.7843,14.5013,38.7482,6.6667,0.1176,1.6471
362,75.0,12.4811,40.7164,20.0,0.3571,1.4286
363,55.2083,19.3259,39.1176,30.0,0.5625,1.3125
364,53.9216,14.1502,37.9321,13.7931,0.2353,1.4706
365,52.7778,19.0249,39.4092,8.6957,0.1667,1.75
366,69.4444,11.7139,40.5579,3.125,0.0556,1.7222
367,75.0,14.0837,43.3242,7.4074,0.125,1.5625
368,58.3333,16.4926,42.9237,10.5263,0.2,1.7
369,64.2222,13.4558,41.584,9.375,0.2,1.9333
370,25.0,25.3861,39.3183,21.7391,0.3333,1.2
371,45.2381,18.5998,40.0537,12.0,0.2143,1.5714
372,49.4792,20.9644,38.8667,28.0,0.4375,1.125
373,61.4583,13.6886,38.17,17.8571,0.3125,1.4375
374,52.0833,19.7722,39.5045,12.5,0.1875,1.3125
375,37.5,18.0247,38.9862,8.0,0.1429,1.6429
376,79.1667,8.72,41.0054,5.8824,0.0833,1.3333
377,70.0,11.9648,41.8844,0.0,0.0,1.7692
378,54.7619,13.4232,40.9454,13.0435,0.2143,1.4286
379,50.7576,19.2022,41.1034,11.7647,0.1818,1.3636
380,68.0556,17.5343,40.0717,26.9231,0.5833,1.5833
381,68.5185,11.3996,41.2216,10.7143,0.1667,1.3889
382,55.2083,14.0797,41.0775,8.6957,0.125,1.3125
383,57.9365,15.4187,41.8953,3.0303,0.0476,1.5238
384,59.2593,17.3045,42.5195,11.7647,0.2222,1.6667
385,68.4524,12.1904,42.5035,19.0476,0.2857,1.2143
386,45.8333,19.6918,42.6484,14.2857,0.25,1.5
387,77.7778,9.9494,41.7264,4.0,0.0476,1.1429
388,41.1765,18.3583,41.2401,10.0,0.1176,1.0588
389,72.7778,13.3375,41.2435,7.6923,0.1333,1.6
390,45.0,19.1198,40.7385,14.8148,0.2,1.15
391,47.4359,22.1517,41.2311,22.2222,0.3077,1.0769
392,67.8571,11.8922,41.1508,5.5556,0.0714,1.2143
393,70.0,17.3838,42.0776,24.0,0.4,1.2667
394,76.8519,12.7566,42.5758,12.9032,0.2222,1.5
395,50.0,18.8141,42.6939,20.0,0.3333,1.3333
396,60.6481,17.681,41.7049,17.2414,0.2778,1.3333
397,54.1667,15.6506,42.3494,14.8148,0.2,1.15
398,48.9583,21.4691,41.3981,20.0,0.3125,1.25
399,51.2281,17.0458,41.3064,7.5,0.1579,1.9474
400,48.8889,19.3164,39.4451,37.5,0.6,1.0
401,63.3333,15.7855,40.5878,15.625,0.2941,1.5882
402,42.7778,19.4157,40.7852,7.1429,0.1333,1.7333
403,54.0,14.4688,41.2901,16.6667,0.3333,1.6667
404,32.2222,25.9366,41.7686,26.087,0.4,1.1333
405,61.25,13.7296,41.6241,6.8966,0.1,1.35
406,70.5128,10.2626,42.0684,4.1667,0.0769,1.7692
407,64.0625,14.4268,42.0108,14.8148,0.25,1.4375
408,59.6491,17.7795,41.6529,10.8108,0.2105,1.7368
409,57.2917,21.3028,42.1375,10.0,0.1875,1.6875
410,75.0,9.66,43.8225,0.0,0.0,1.75
411,72.5641,10.6254,44.8554,6.6667,0.1538,2.1538
412,58.8889,11.7008,45.0859,13.6364,0.2,1.2667
413,50.0,17.5774,43.8412,8.0,0.1176,1.3529
414,67.2917,11.7635,42.6032,11.5385,0.1875,1.4375
415,55.0,16.6883,41.8064,12.0,0.2,1.4667
416,52.7083,18.9715,40.9138,37.037,0.625,1.0625
417,55.1282,13.0812,41.6928,9.5238,0.1538,1.4615
418,43.1373,20.7335,39.2449,30.7692,0.4706,1.0588
419,41.6667,20.3366,38.818,10.5263,0.1667,1.4167
420,67.6471,13.3482,39.641,26.9231,0.4118,1.1176
421,76.1905,10.5014,42.0936,8.5714,0.1429,1.5238
422,64.1026,15.1323,41.8257,16.0,0.3077,1.6154
423,61.4583,14.9951,42.4209,21.4286,0.375,1.375
424,68.6275,13.9864,43.1974,10.3448,0.1765,1.5294
425,70.1754,11.1394,44.3425,0.0,0.0,1.6842
426,71.875,8.9906,45.4051,4.5455,0.0625,1.3125
427,64.881,13.1567,45.1583,13.0435,0.2143,1.4286
428,67.8571,11.4808,45.8243,5.5556,0.0714,1.2143
429,61.1111,15.1356,46.0554,4.7619,0.0556,1.1111
430,58.2353,15.1612,44.3445,28.5714,0.4706,1.1765
431,76.3158,11.0033,44.4226,17.2414,0.2632,1.2632
432,46.0784,24.3156,43.0086,20.8333,0.2941,1.1176
433,64.4445,13.9155,42.7291,13.0435,0.2,1.3333
434,100.0,5.9473,43.1429,0.0,0.0,1.1
435,60.7843,12.4495,44.986,9.0909,0.1765,1.7647
436,76.4706,11.6817,44.7978,19.3548,0.3529,1.4706
437,62.2807,15.4439,44.4093,13.7931,0.2105,1.3158
438,68.4211,12.3339,42.2988,24.2424,0.4211,1.3158
439,54.6296,15.2844,41.2868,32.0,0.4444,0.9444
440,81.1905,13.0269,40.9551,22.2222,0.4762,1.6667
441,50.8772,22.0837,40.5108,31.0345,0.4737,1.0526
442,80.3922,15.5607,42.287,15.3846,0.2353,1.2941
443,88.5417,5.8631,44.6883,3.3333,0.0625,1.8125
444,55.3922,17.8521,43.6507,23.3333,0.4118,1.3529
445,70.8333,11.7556,44.2462,16.6667,0.3125,1.5625
446,76.1905,12.574,42.7479,16.0,0.2857,1.5
447,55.5556,14.821,41.6442,30.0,0.5,1.1667
448,58.3333,15.9827,42.3886,15.3846,0.3077,1.6923
449,68.2292,15.9638,41.1817,20.5882,0.4375,1.6875
450,67.1296,13.8227,44.2824,6.25,0.1111,1.6667
451,68.0392,16.6923,42.6354,30.5556,0.6471,1.4706
452,66.6667,10.8066,43.7493,8.3333,0.1429,1.5714
453,59.2708,13.6083,42.5804,12.9032,0.25,1.6875
454,80.3922,9.0985,44.7602,4.0,0.0588,1.4118
455,76.875,11.0121,45.3298,20.6897,0.375,1.4375
456,88.6364,8.4034,45.8505,16.6667,0.2727,1.3636
457,53.5714,17.3541,45.719,7.4074,0.1429,1.7857
458,45.2381,16.9385,44.7137,13.6364,0.2143,1.3571
459,73.3333,12.6325,44.5057,11.1111,0.1333,1.0667
460,76.6667,10.8675,44.6259,5.8824,0.1,1.6
461,73.5294,13.8253,44.5958,11.5385,0.1765,1.3529
462,74.0741,10.2995,45.4141,6.8966,0.1111,1.5
463,66.6667,14.2395,45.0997,24.0,0.375,1.1875
464,83.3333,10.1533,45.1692,19.3548,0.3529,1.4706
465,70.2381,11.3213,45.4083,8.0,0.1429,1.6429
466,63.2353,14.7001,45.446,14.2857,0.2353,1.4118
467,71.1111,13.4851,47.0227,7.1429,0.1111,1.4444
468,68.6275,13.1222,46.7965,13.0435,0.1765,1.1765
469,73.3333,14.1043,46.1902,21.0526,0.2667,1.0
470,90.0,4.8359,45.994,5.2632,0.0667,1.2
471,88.2353,7.3372,46.6385,10.5263,0.1176,1.0
472,74.5098,11.1664,47.1127,6.25,0.1176,1.7647
473,81.25,8.3703,47.4715,4.3478,0.0625,1.375
474,83.3333,6.3354,47.4222,9.5238,0.1333,1.2667
475,69.2308,14.4489,46.3143,20.0,0.3077,1.2308
476,69.0476,10.1723,46.3009,10.5263,0.1429,1.2143
477,55.5556,15.7935,45.0604,11.7647,0.2222,1.6667
478,79.4118,6.7629,44.9276,3.8462,0.0588,1.4706
479,57.2917,16.3214,45.1948,11.5385,0.1875,1.4375
480,80.1587,12.0859,46.0611,12.1212,0.1905,1.381
481,68.6275,11.1673,44.7156,6.8966,0.1176,1.5882
482,55.7778,18.6182,44.8416,10.5263,0.2667,2.2667
483,65.9091,11.3734,44.8254,12.5,0.1818,1.2727
484,51.0417,18.3598,43.329,17.8571,0.3125,1.4375
485,84.4445,6.5625,44.5073,3.8462,0.0667,1.6667
486,70.5882,12.2547,44.456,6.8966,0.1176,1.5882
487,76.0417,8.9738,45.1702,8.3333,0.125,1.375
488,55.8824,17.0508,45.0154,14.8148,0.2353,1.3529
489,64.5833,16.9475,44.1268,18.5185,0.3125,1.375
490,80.7692,8.7753,44.7233,0.0,0.0,2.0769
491,72.807,10.3409,45.3629,5.5556,0.1053,1.7895
492,72.549,13.9678,45.5315,17.8571,0.2941,1.3529
493,72.2222,10.0545,46.0966,2.7778,0.0556,1.9444
494,64.2857,12.3259,46.4979,7.4074,0.1429,1.7857
495,83.3333,7.163,45.6959,10.0,0.1538,1.3846
496,72.549,14.5978,46.0577,16.6667,0.2353,1.1765
497,70.5882,12.9736,45.6358,14.2857,0.2353,1.4118
498,74.4792,11.3505,44.5981,23.3333,0.4375,1.4375
499,75.0,12.3198,44.3206,13.7931,0.2667,1.6667
500,51.2821,15.6772,43.8057,15.7895,0.2308,1.2308
501,79.1667,9.1234,43.6577,14.2857,0.1667,1.0
502,33.3333,19.9351,43.2934,22.2222,0.3333,1.1667
503,92.8571,4.2769,45.0886,0.0,0.0,1.5714
504,79.7619,7.9036,46.9407,0.0,0.0,1.381
505,70.2381,8.4079,48.3939,7.6923,0.1429,1.7143
506,67.5,10.8015,48.4057,6.0606,0.1,1.55
507,65.3846,12.6841,46.3489,25.0,0.3846,1.1538
508,73.75,10.465,45.2976,6.0606,0.1,1.55
509,79.7778,7.6233,45.1046,7.6923,0.1333,1.6
510,93.3333,5.5042,45.7656,4.5455,0.0667,1.4
511,79.1667,9.8692,46.9511,6.6667,0.0833,1.1667
512,65.625,12.1765,46.9768,0.0,0.0,1.1875
513,69.7917,11.0975,46.8177,8.6957,0.125,1.3125
514,61.2821,9.1883,47.2421,4.3478,0.0769,1.6923
515,76.6667,9.3997,46.8185,13.3333,0.2,1.3
516,78.2051,6.3128,46.9067,5.2632,0.0769,1.3846
517,45.8333,17.6477,46.2872,5.2632,0.0833,1.5
518,73.8095,10.683,46.2581,4.3478,0.0714,1.5714
519,64.0351,12.5533,45.2822,15.1515,0.2632,1.4737
520,77.0833,7.8226,45.364,11.5385,0.1875,1.4375
521,74.5098,6.5781,46.6561,6.6667,0.1176,1.6471
522,69.0476,11.6095,45.8424,14.7059,0.2381,1.381
523,67.5926,14.5786,45.2004,10.3448,0.1667,1.4444
524,77.8125,11.9869,44.2911,12.5,0.3125,2.1875
525,78.9474,7.4033,44.4564,7.4074,0.1053,1.3158
526,78.5714,9.0144,45.8305,0.0,0.0,1.6429
527,82.2917,8.0771,44.9081,3.4483,0.0625,1.75
528,72.6191,9.987,45.8755,11.5385,0.2143,1.6429
529,52.7778,15.8644,45.5455,12.0,0.1667,1.2222
530,65.0,14.7643,45.3893,2.9412,0.05,1.65
531,60.9375,11.6052,44.8661,15.3846,0.25,1.375
532,70.8333,10.9306,44.6732,3.5714,0.0625,1.6875
533,58.3333,12.5667,44.2537,12.1212,0.25,1.8125
534,62.7778,14.2453,44.7431,12.1212,0.2222,1.6111
535,81.7708,8.4005,44.0181,12.1212,0.25,1.8125
536,80.1282,11.5409,43.975,9.0909,0.1538,1.5385
537,77.0833,9.2888,43.7222,10.5263,0.1667,1.4167
538,74.5098,11.6936,43.5041,17.2414,0.2941,1.4118
539,70.5882,12.3659,44.0188,16.6667,0.2941,1.4706
540,93.2292,4.8142,44.0996,6.8966,0.125,1.6875
541,55.3571,15.3399,43.2637,17.2414,0.3571,1.7143
542,88.8889,4.2266,44.967,10.0,0.1111,1.0
543,54.4445,17.1234,44.2883,25.0,0.3333,1.0
544,84.6154,5.5589,44.7868,0.0,0.0,1.3077
545,58.8235,15.7264,44.2292,13.6364,0.1765,1.1176
546,70.625,12.0469,44.0191,4.1667,0.0625,1.4375
547,69.6429,10.8593,43.2856,18.5185,0.3571,1.5714
548,76.0417,9.0334,43.1059,3.4483,0.0625,1.75
549,81.8627,10.5015,43.3879,10.7143,0.1765,1.4706
550,77.0833,6.7991,44.3354,0.0,0.0,1.6875
551,85.5556,8.1014,45.2174,16.6667,0.2667,1.3333
552,73.8095,9.1825,44.2502,13.0435,0.2143,1.4286
553,53.8462,16.3547,44.6286,15.0,0.2308,1.3077
554,79.4118,9.5209,43.402,10.5263,0.1176,1.0
555,70.7692,10.6587,42.1782,4.5455,0.0769,1.6154
556,63.8889,12.0867,42.2737,7.1429,0.1111,1.4444
557,48.8095,15.4923,43.3452,15.7895,0.2143,1.1429
558,52.0833,14.4674,42.6357,16.6667,0.25,1.25
559,81.8182,7.7624,43.0438,7.1429,0.0909,1.1818
560,83.3333,6.1773,43.6628,3.7037,0.0667,1.7333
561,82.4074,6.5907,44.0123,6.8966,0.1111,1.5
562,70.5882,10.5295,44.568,23.0769,0.3529,1.1765
563,80.8333,10.0036,43.6237,13.1579,0.25,1.65
564,88.5965,6.0185,43.9835,3.4483,0.0526,1.4737
565,77.6316,12.7087,43.6961,4.7619,0.1053,2.1053
566,90.7407,8.1321,44.8012,10.3448,0.1667,1.4444
567,52.2222,15.5041,44.8342,13.0435,0.2,1.3333
568,70.8333,12.0448,44.2249,11.5385,0.2143,1.6429
569,77.2222,8.6612,44.3482,11.1111,0.2,1.6
570,64.1667,13.3962,43.3271,19.3548,0.3,1.25
571,67.6471,9.7092,43.4431,12.0,0.1765,1.2941
572,82.8947,7.4855,43.9453,0.0,0.0,1.5263
573,73.5294,12.2491,44.5355,7.4074,0.1176,1.4706
574,70.0,9.3654,46.2653,3.3333,0.0667,1.9333
575,63.3333,13.5659,46.569,4.1667,0.0667,1.5333
576,89.4737,5.8374,47.0741,2.7778,0.0526,1.8421
577,62.1795,12.5463,45.5997,10.7143,0.2308,1.9231
578,55.0,14.525,44.011,15.3846,0.2667,1.4667
579,87.5,5.0331,45.3894,0.0,0.0,1.75
580,59.2105,11.5313,44.8069,6.0606,0.1053,1.6316
581,66.0257,14.9577,45.2942,8.6957,0.1538,1.6154
582,94.1176,5.6478,46.3623,0.0,0.0,1.8235
583,65.1515,11.953,46.1104,0.0,0.0,1.8182
584,62.5,10.0398,44.9301,20.0,0.25,1.0
585,69.2308,9.4394,46.3005,0.0,0.0,1.3846
586,63.0952,16.6001,46.1732,10.0,0.1429,1.2857
587,64.4444,15.8038,44.6214,13.3333,0.2222,1.4444
588,67.9487,8.7414,44.1554,14.2857,0.2308,1.3846
589,72.037,9.1716,42.183,21.0526,0.4444,1.6667
590,72.2222,11.2289,42.7009,10.3448,0.2,1.7333
591,65.0,9.274,43.4952,12.5,0.2,1.4
592,79.7619,6.7251,45.555,4.1667,0.0714,1.6429
593,79.1667,10.5275,46.5604,4.5455,0.0625,1.3125
594,62.7451,12.4528,46.0013,18.5185,0.2941,1.2941
595,60.1191,15.9847,44.1725,22.7273,0.3571,1.2143
596,83.3333,6.7583,42.5606,18.75,0.25,1.0833
597,83.9286,3.5721,42.8195,0.0,0.0,1.7143
598,78.125,8.1388,43.5318,8.0,0.125,1.4375
599,73.3333,11.0159,45.4202,10.5263,0.1333,1.1333
600,59.5238,13.8375,46.4595,10.5263,0.1429,1.2143
601,63.3333,8.7724,47.6276,11.1111,0.1333,1.0667
602,67.7083,11.7307,46.6101,0.0,0.0,1.75
603,68.6275,10.3392,46.9893,3.7037,0.0588,1.5294
604,75.0,11.2399,46.2846,4.0,0.0714,1.7143
605,65.0794,9.705,45.7295,8.1081,0.1429,1.619
606,73.6842,9.9437,46.0001,3.3333,0.0526,1.5263
607,79.902,6.7697,46.557,2.8571,0.0588,2.0
608,61.1111,13.2793,46.4282,3.4483,0.0556,1.5556
609,68.75,7.9686,47.1494,4.0,0.0625,1.5
610,87.1795,4.4265,46.8134,8.6957,0.1538,1.6154
611,66.1765,11.1982,46.9029,3.4483,0.0588,1.6471
612,62.2807,13.6202,47.1399,9.375,0.1579,1.5263
613,78.7037,8.5052,46.2352,10.7143,0.1667,1.3889
614,66.6667,12.0148,45.7581,7.1429,0.1176,1.5294
615,61.1111,12.0753,45.54,8.0,0.1333,1.5333
616,78.125,7.5573,45.2685,6.6667,0.125,1.75
617,59.6491,12.9617,46.06,15.1515,0.2632,1.4737
618,72.549,9.405,46.5954,6.4516,0.1176,1.7059
619,58.3333,15.0538,46.2642,0.0,0.0,2.0833
620,62.5,13.044,47.0206,15.3846,0.2222,1.2222
621,63.1944,14.8723,46.3513,16.6667,0.3333,1.6667
622,90.625,3.9916,47.7636,0.0,0.0,1.6875
623,68.2292,10.92,47.6651,3.3333,0.0625,1.8125
624,61.4583,11.8262,48.4633,11.1111,0.1875,1.5
625,72.5,9.5246,48.1846,6.6667,0.1,1.4
626,57.6923,13.608,46.6846,11.7647,0.1538,1.1538
627,81.8182,7.0456,46.7602,0.0,0.0,1.2727
628,67.7778,11.7028,45.3588,20.0,0.3333,1.3333
629,77.7778,10.5354,43.0154,20.5882,0.3889,1.5
630,68.75,12.4033,43.5415,16.6667,0.3125,1.5625
631,67.5439,10.5967,44.1153,5.5556,0.1053,1.7895
632,75.0,9.9738,44.9884,10.0,0.1429,1.2857
633,73.6111,9.0083,45.9998,3.7037,0.0556,1.4444
634,79.7619,12.041,45.8922,7.1429,0.1429,1.8571
635,68.8889,13.0135,45.3627,19.0476,0.2667,1.1333
636,77.9762,7.6346,45.4753,4.3478,0.0714,1.5714
637,64.4445,14.989,45.0468,21.0526,0.2667,1.0
638,71.4286,11.5981,44.3487,17.3913,0.2857,1.3571
639,72.2222,8.8116,43.7563,18.1818,0.2667,1.2
640,72.2222,9.6355,44.5743,3.8462,0.0556,1.3889
641,79.7619,8.242,44.614,5.2632,0.0714,1.2857
642,57.7778,15.6084,45.0871,13.6364,0.2,1.2667
643,71.1111,12.3965,45.4326,5.2632,0.0667,1.2
644,68.6275,15.6007,45.2965,11.5385,0.1765,1.3529
645,69.1176,12.4012,45.3406,10.3448,0.1765,1.5294
646,76.8519,9.2555,46.5686,9.6774,0.1667,1.5556
647,77.2727,5.9874,46.8204,3.125,0.0455,1.4091
648,79.6296,8.4695,46.4454,11.5385,0.1667,1.2778
649,74.4643,9.1471,45.274,10.0,0.25,2.25
650,72.2222,10.7119,45.1442,8.6957,0.1111,1.1667
651,71.1111,10.1767,45.2965,13.6364,0.2,1.2667
652,64.7059,10.9465,46.0031,7.4074,0.1176,1.4706
653,93.3333,4.2336,47.491,0.0,0.0,1.8667
654,82.5,6.8066,47.0578,3.5714,0.05,1.35
655,59.4697,14.2208,46.2032,14.2857,0.2727,1.6364
656,76.0417,11.2896,45.1125,19.2308,0.3125,1.3125
657,59.4118,12.011,43.7668,17.8571,0.2941,1.3529
658,67.2917,9.4963,45.1527,7.4074,0.125,1.5625
659,84.2593,3.6981,46.079,3.3333,0.0556,1.6111
660,63.8889,13.2479,46.3855,10.7143,0.2,1.6667
661,90.4762,4.1844,47.9193,0.0,0.0,1.6429
662,63.3333,15.9324,47.7959,0.0,0.0,1.3333
663,62.5,10.0876,47.0267,7.1429,0.125,1.625
664,75.9259,5.5602,48.9191,3.2258,0.0556,1.6667
665,71.875,11.4986,47.0849,10.7143,0.1875,1.5625
666,66.1111,11.1023,46.7275,8.3333,0.1333,1.4667
667,85.0,6.5884,47.2967,0.0,0.0,1.3
668,75.0,8.6257,46.85,5.5556,0.0833,1.4167
669,60.0,12.2659,46.8204,0.0,0.0,1.2
670,49.3056,18.2698,47.7669,8.0,0.1667,1.9167
671,53.7037,15.2936,47.6187,12.9032,0.2222,1.5
672,69.4444,9.7474,46.4111,6.4516,0.1333,1.9333
673,82.3529,5.679,46.706,3.7037,0.0588,1.5294
674,67.2917,11.2547,45.6907,17.8571,0.3125,1.4375
675,62.5,14.4995,45.8978,8.3333,0.1429,1.5714
676,58.8235,15.1363,44.2608,17.2414,0.2941,1.4118
677,67.6471,12.9552,41.8173,28.0,0.4118,1.0588
678,67.7778,10.7737,43.3938,0.0,0.0,1.6
679,66.6667,11.773,43.6247,15.0,0.2308,1.3077
680,75.0,11.7466,45.1317,10.0,0.1538,1.3846
681,75.0,10.1042,46.0824,10.0,0.15,1.35
682,48.718,15.8062,45.7803,16.6667,0.2308,1.1538
683,48.0392,19.613,44.4208,19.2308,0.2941,1.2353
684,72.2222,13.8906,43.7984,21.7391,0.3333,1.2
685,70.3125,10.5655,42.7563,16.0,0.25,1.3125
686,65.7407,14.4367,43.8578,10.7143,0.1667,1.3889
687,68.2292,10.7109,44.7385,7.4074,0.125,1.5625
688,61.6667,15.202,44.3213,15.7895,0.3,1.6
689,56.1404,16.1153,43.3213,16.6667,0.2632,1.3158
690,77.7451,8.562,44.9064,2.5641,0.0588,2.2353
691,61.5196,12.8473,44.3674,16.129,0.2941,1.5294
692,66.6667,14.4859,44.1859,5.2632,0.0769,1.3846
693,74.5098,10.376,44.9334,7.6923,0.1176,1.4118
694,67.7778,14.8939,44.4778,0.0,0.0,1.7333
695,62.5,14.2916,45.3344,0.0,0.0,1.6111
696,64.4737,11.1032,45.5812,3.8462,0.0526,1.3158
697,60.0877,13.2463,45.8491,11.4286,0.2105,1.6316
698,66.6667,9.0809,46.5076,0.0,0.0,1.5556
699,61.1111,16.0289,46.4321,24.1379,0.3889,1.2222
700,58.8235,11.6328,45.4231,14.2857,0.2353,1.4118
701,85.2941,6.4319,45.0293,6.8966,0.1176,1.5882
702,66.6667,12.2478,44.969,5.2632,0.0769,1.3846
703,65.4762,13.8326,45.3274,0.0,0.0,1.4286
704,74.4444,7.6031,46.3043,4.5455,0.0667,1.4
705,80.0926,8.4312,46.535,9.6774,0.1667,1.5556
706,76.9231,6.7743,47.1249,0.0,0.0,1.5385
707,70.8333,10.236,46.5392,6.4516,0.125,1.8125
708,73.3333,8.2276,45.8892,9.0909,0.1333,1.3333
709,66.6667,12.7113,45.5289,6.25,0.0833,1.25
710,80.7692,7.2481,45.9026,15.0,0.2308,1.3077
711,78.7879,5.5955,45.5747,6.25,0.0909,1.3636
712,71.9048,11.2486,45.1369,10.0,0.2,1.8
713,59.8039,13.9811,45.9054,3.8462,0.0588,1.4706
714,72.2222,10.8134,46.9271,8.3333,0.1667,1.8333
715,72.6191,10.0941,46.4746,0.0,0.0,1.5
716,86.2222,8.9956,48.7343,3.8462,0.0667,1.6667
717,72.7778,9.9386,48.2175,3.8462,0.0667,1.6667
718,82.2222,7.9843,48.0899,0.0,0.0,1.4667
719,62.5,16.9224,46.5548,14.2857,0.25,1.5
720,85.8974,9.2435,45.7345,13.6364,0.2308,1.4615
721,69.697,11.6728,45.053,5.8824,0.0909,1.4545
722,57.4074,15.3384,43.2513,17.1429,0.3333,1.6111
723,82.4561,8.1985,43.7554,13.7931,0.2105,1.3158
724,76.2821,8.4217,43.1492,16.6667,0.3077,1.5385
725,76.4706,7.8483,43.8881,9.5238,0.1176,1.1176
726,63.5417,11.6407,44.8099,8.3333,0.125,1.375
727,72.3958,10.801,45.4343,3.8462,0.0625,1.5625
728,86.2745,6.9053,46.5309,6.8966,0.1176,1.5882
729,83.3333,9.0949,46.7217,10.0,0.2,1.8
730,83.3333,8.8063,47.0581,11.4286,0.1739,1.3478
731,61.4035,13.4534,45.4997,16.129,0.2632,1.3684
732,63.1111,11.6358,45.9412,11.4286,0.2667,2.0667
733,71.8137,11.2805,43.959,17.6471,0.3529,1.6471
734,75.0,9.0923,44.447,12.0,0.1875,1.375
735,78.2051,9.8598,44.7676,9.0909,0.1538,1.5385
736,75.0,8.3267,45.8916,0.0,0.0,1.5714
737,58.8889,13.2002,46.1202,20.5882,0.3889,1.5
738,73.6842,10.3679,45.941,10.0,0.1579,1.4211
739,65.4167,9.9606,44.3093,10.0,0.15,1.35
740,84.2593,7.7644,44.8016,7.4074,0.1111,1.3889
741,63.5294,9.7546,45.8267,0.0,0.0,1.7647
742,77.7778,8.7672,47.5897,0.0,0.0,1.4444
743,68.3333,12.9148,47.5688,11.5385,0.15,1.15
744,72.7273,11.1814,47.594,5.5556,0.0909,1.5455
745,69.7917,10.316,47.9843,0.0,0.0,1.375
746,83.3333,9.6607,47.739,9.5238,0.1818,1.7273
747,65.625,11.3851,46.5158,14.2857,0.25,1.5
748,61.4583,9.1553,47.0181,3.5714,0.0625,1.6875
749,72.2222,12.1626,45.6075,17.2414,0.3333,1.6
750,70.3571,11.3341,42.7531,29.1667,0.5,1.2143
751,63.8889,11.2297,44.3391,11.1111,0.1667,1.3333
752,62.5,12.9322,44.1042,6.25,0.0833,1.25
753,75.0,12.6467,43.7471,12.5,0.1667,1.1667
754,47.7324,18.1019,44.9652,16.2162,0.2857,1.4762
755,68.6275,10.7697,44.6006,15.1515,0.2941,1.6471
756,91.2281,5.3874,45.0345,13.1579,0.2632,1.7368
757,70.0,10.8745,45.334,13.3333,0.2,1.3
758,67.7778,11.5502,47.3336,7.6923,0.1333,1.6
759,73.8889,10.6345,48.3512,6.6667,0.1333,1.8667
760,77.7778,10.7029,48.1128,14.2857,0.1667,1.0
761,62.7451,14.2847,47.6446,14.8148,0.2353,1.3529
762,80.0,9.9556,47.7151,0.0,0.0,1.6
763,55.9524,13.5544,48.3116,5.0,0.0714,1.3571
764,82.4074,6.8978,47.7485,6.8966,0.1111,1.5
765,77.451,8.4063,46.9563,11.1111,0.1765,1.4118
766,68.8889,8.5111,47.6649,4.1667,0.0667,1.5333
767,75.0,8.4265,47.8899,0.0,0.0,1.4286
768,83.3333,8.9721,47.8372,5.0,0.0667,1.2667
769,72.2222,9.2036,49.3948,3.4483,0.0556,1.5556
770,66.6667,8.7344,47.9281,6.8966,0.125,1.6875
771,74.2064,8.0673,47.7472,5.2632,0.0952,1.7143
772,64.2857,11.3868,46.9888,3.7037,0.0476,1.2381
773,72.549,10.6107,46.8373,12.9032,0.2353,1.5882
774,65.5556,15.2766,45.115,14.6341,0.3333,1.9444
775,76.1111,11.7219,45.3842,15.3846,0.2667,1.4667
776,78.125,7.7022,44.8786,9.0909,0.125,1.25
777,58.3333,12.7778,45.1331,12.0,0.1875,1.375
778,80.5556,9.9294,46.5223,0.0,0.0,1.75
779,77.193,6.9936,47.0437,3.2258,0.0526,1.5789
780,79.1667,8.9872,48.6684,0.0,0.0,1.7778
781,91.6667,4.4892,48.9829,7.6923,0.1111,1.3333
782,80.5556,6.6809,49.1353,0.0,0.0,1.3333
783,57.0,14.7415,46.6131,16.2162,0.3,1.55
784,75.0,7.344,47.1093,0.0,0.0,1.3889
785,75.0,8.9093,46.6013,0.0,0.0,1.4444
786,91.6667,7.0678,47.6891,0.0,0.0,1.4167
787,83.3333,7.8923,47.9683,11.1111,0.1538,1.2308
788,66.6667,10.1455,48.4209,10.7143,0.2143,1.7857
789,63.5417,10.3886,48.5352,0.0,0.0,1.5625
790,60.7843,14.5856,47.5822,10.0,0.1765,1.5882
791,71.1111,11.4879,47.1403,11.5385,0.2,1.5333
792,52.3077,13.7088,47.0688,9.5238,0.1538,1.4615
793,91.6667,6.529,47.197,0.0,0.0,1.5
794,75.0,9.6506,47.3575,8.3333,0.1,1.1
795,75.0,7.8773,47.7012,0.0,0.0,1.3571
796,76.8519,11.5506,48.3377,3.125,0.0556,1.7222
797,73.9583,9.6874,48.9752,6.0606,0.125,1.9375
798,71.875,10.6494,48.8635,0.0,0.0,1.75
799,65.0,14.1753,48.2121,10.3448,0.2,1.7333
800,80.5556,7.6085,48.6815,0.0,0.0,1.6667
801,77.7778,6.8571,48.9537,0.0,0.0,1.5556
802,67.6471,12.8166,47.4546,16.0,0.2353,1.2353
803,92.7778,4.3685,48.6061,4.0,0.0667,1.6
804,69.4445,10.9477,47.8253,16.6667,0.25,1.25
805,59.8039,14.8328,46.0443,12.0,0.1765,1.2941
806,78.7037,9.2151,46.214,3.5714,0.0556,1.5
807,84.375,6.7558,45.6531,13.6364,0.1875,1.1875
808,79.1667,8.2192,46.0427,10.0,0.1667,1.5
809,83.3333,9.7312,46.1041,15.7895,0.25,1.3333
810,100.0,2.48,46.6371,0.0,0.0,1.6429
811,65.6863,11.1341,47.2873,7.4074,0.1176,1.4706
812,72.0588,9.0018,47.7874,10.0,0.1765,1.5882
813,84.6491,5.1382,48.5407,0.0,0.0,1.7895
814,94.4444,5.7145,49.1805,8.0,0.1111,1.2778
815,76.4706,10.4903,48.8305,2.8571,0.0588,2.0
816,77.7778,9.1113,46.8424,10.2564,0.1905,1.6667
817,77.2727,9.479,47.2048,5.5556,0.0909,1.5455
818,84.4445,7.6187,47.1151,8.0,0.1333,1.5333
819,73.3333,11.032,47.0311,11.5385,0.2,1.5333
820,66.6667,12.7065,46.2777,12.9032,0.2105,1.4211
821,77.0833,7.8302,46.2788,11.1111,0.1875,1.5
822,75.9259,9.7159,46.9347,10.3448,0.1667,1.4444
823,50.9804,18.1107,46.6682,25.0,0.4118,1.2353
824,77.451,12.5326,46.9841,0.0,0.0,1.4706
825,65.7407,12.6341,44.8272,12.1212,0.2222,1.6111
826,74.5098,8.7201,44.6459,10.7143,0.1765,1.4706
827,84.7222,6.2781,45.5009,5.5556,0.0833,1.4167
828,78.2051,8.2753,45.7594,0.0,0.0,1.3077
829,67.9487,10.7103,46.1924,5.2632,0.0769,1.3846
830,83.3333,6.3236,48.6121,5.8824,0.1176,1.8824
831,84.4445,11.8234,47.6897,19.0476,0.2667,1.1333
832,73.5294,9.73,47.327,0.0,0.0,1.7647
833,90.8889,6.3152,48.5542,0.0,0.0,1.7333
834,89.7436,3.5375,48.7892,0.0,0.0,1.4615
835,63.3333,13.9118,47.8386,19.0476,0.2667,1.1333
836,37.5,20.3841,47.4173,23.5294,0.3333,1.0833
837,65.5556,12.2471,47.0802,8.0,0.1333,1.5333
838,61.1111,14.9708,44.4739,25.0,0.4286,1.2857
839,67.0833,13.5648,46.5085,7.8947,0.15,1.75
840,77.0833,9.2935,46.0834,12.0,0.1875,1.375
841,71.6667,11.5024,47.0521,7.6923,0.125,1.5
842,70.8333,11.6943,47.6806,8.3333,0.1667,1.8333
843,76.9231,10.9039,47.4049,5.0,0.0769,1.4615
844,78.3333,6.0901,47.3441,9.6774,0.15,1.4
845,90.9091,3.4522,47.6132,0.0,0.0,1.7273
846,62.5,13.2722,49.0385,5.8824,0.0833,1.3333
847,70.1754,9.6219,48.3996,10.0,0.1579,1.4211
848,78.0702,12.0491,47.6238,13.3333,0.2105,1.3684
849,77.9762,7.0527,46.7416,7.6923,0.1429,1.7143
850,67.8571,12.9398,47.0301,0.0,0.0,1.3571
851,85.7143,6.8097,48.1698,0.0,0.0,1.5714
852,71.4286,9.1277,49.5605,0.0,0.0,1.5714
853,69.7917,13.089,50.6747,3.7037,0.0625,1.625
854,91.1765,4.8239,50.5128,3.125,0.0588,1.8235
855,58.3333,14.5844,47.467,18.1818,0.3333,1.5
856,73.5294,11.1817,47.3415,4.1667,0.0588,1.3529
857,78.4314,10.502,46.7346,3.2258,0.0588,1.7647
858,81.0185,8.9118,47.3662,5.7143,0.1111,1.8333
859,78.5714,9.0795,48.7446,5.0,0.0714,1.3571
860,86.6667,6.2764,49.5149,0.0,0.0,1.6667
861,56.6667,14.4276,48.0032,17.3913,0.2667,1.2667
862,80.2632,7.7546,47.2322,10.5263,0.2105,1.7895
863,68.8889,8.8708,47.7807,4.1667,0.0667,1.5333
864,70.5882,13.0708,46.8099,11.5385,0.1765,1.3529
865,87.037,7.7752,48.0318,3.8462,0.0556,1.3889
866,79.1667,7.056,47.666,6.8966,0.125,1.6875
867,86.9792,5.3603,47.4834,3.8462,0.0625,1.5625
868,74.1667,8.7166,47.4603,11.1111,0.15,1.2
869,66.6667,8.6887,47.4842,0.0,0.0,1.7778
870,62.5,15.7168,47.4338,15.0,0.1875,1.0625
871,55.0,16.979,46.6582,10.5263,0.2,1.7
872,53.4314,13.9476,47.6918,3.4483,0.0588,1.6471
873,75.0,11.0124,47.0648,12.5,0.2222,1.5556
874,64.4445,12.7839,47.4132,3.8462,0.0667,1.6667
875,65.0,11.9995,46.8663,12.5,0.2143,1.5
876,71.4286,13.2125,46.9227,5.0,0.0714,1.3571
877,82.1429,3.1573,48.4258,0.0,0.0,1.2857
878,78.7879,9.852,48.3377,6.25,0.0909,1.3636
879,55.2632,13.3549,48.7332,0.0,0.0,1.7368
880,82.9365,5.4516,50.3649,0.0,0.0,1.7619
881,74.902,12.5339,48.6371,14.2857,0.2941,1.7647
882,56.9444,12.7084,48.6918,5.5556,0.0833,1.4167
883,76.1111,11.7486,47.3707,16.129,0.3333,1.7333
884,70.0,11.8765,46.8503,3.4483,0.0667,1.8667
885,46.1538,17.7604,47.2112,5.8824,0.0769,1.2308
886,58.3333,15.3382,47.0988,3.7037,0.0588,1.5294
887,85.0,9.7213,46.7104,17.6471,0.3,1.4
888,66.6667,11.3571,46.8671,4.0,0.0556,1.3333
889,68.6275,11.9078,45.9561,12.0,0.1765,1.2941
890,87.037,5.3767,46.5304,3.2258,0.0556,1.6667
891,72.3958,10.8746,47.9864,3.8462,0.0625,1.5625
892,70.8333,6.5443,48.5873,0.0,0.0,1.5833
893,74.4444,10.468,48.4469,14.2857,0.2,1.2
894,82.2917,8.2019,47.8709,3.5714,0.0625,1.6875
895,88.0952,4.2836,49.0667,0.0,0.0,1.6429
896,78.9474,9.9328,48.181,8.1081,0.1579,1.7895
897,55.5556,17.3637,48.4506,14.8148,0.2222,1.2778
898,75.0,8.9361,47.129,11.5385,0.1875,1.4375
899,75.4386,7.7487,47.481,2.7778,0.0526,1.8421
900,57.9167,14.8252,46.0092,12.0,0.1875,1.375
901,89.2857,5.318,47.6859,0.0,0.0,1.5
902,80.0,11.0189,47.5501,8.3333,0.1333,1.4667
903,66.6667,12.4479,47.2302,4.3478,0.0667,1.4667
904,73.6111,9.9982,48.0809,8.3333,0.1667,1.8333
905,65.7407,12.9561,46.5024,16.129,0.2778,1.4444
906,85.0,7.9127,46.6258,13.7931,0.2667,1.6667
907,54.1667,17.8907,46.045,4.7619,0.0625,1.25
908,88.8889,5.8239,46.8962,2.8571,0.0556,1.8889
909,72.2222,13.3985,46.8658,16.6667,0.2667,1.3333
910,63.7255,8.9197,47.8043,0.0,0.0,1.3529
911,61.5385,14.7484,46.6461,17.6471,0.2308,1.0769
912,85.7143,6.2836,46.481,11.7647,0.1429,1.0714
913,65.625,15.3745,45.1463,6.4516,0.125,1.8125
914,76.5625,8.5713,45.9326,7.6923,0.125,1.5
915,75.9259,8.9347,46.0521,8.8235,0.1667,1.7222
916,75.0,9.927,46.9205,4.1667,0.0714,1.6429
917,66.0714,13.6611,47.2286,9.0909,0.1429,1.4286
918,84.6154,6.6007,47.7361,5.5556,0.0769,1.3077
919,81.1111,6.9215,48.0879,5.2632,0.0667,1.2
920,79.7619,8.6063,48.3871,14.2857,0.2143,1.2857
921,91.2281,3.4226,49.1451,0.0,0.0,1.7368
922,80.8824,8.1977,49.4153,6.0606,0.1176,1.8235
923,79.1667,6.561,48.7697,7.1429,0.125,1.625
924,66.6667,15.7782,45.7541,20.0,0.381,1.5238
925,58.9744,12.315,45.1835,17.3913,0.3077,1.4615
926,70.8333,7.3556,44.8823,3.8462,0.0625,1.5625
927,83.3333,9.129,46.144,4.7619,0.0769,1.5385
928,84.375,5.3643,48.1612,4.7619,0.0625,1.25
929,70.0,12.831,48.0707,6.25,0.1,1.5
930,78.7037,6.9928,49.2184,7.4074,0.1111,1.3889
931,75.4902,6.1899,47.9663,10.0,0.1765,1.5882
932,68.75,11.9803,46.7962,8.6957,0.125,1.3125
933,81.25,7.3324,47.3147,3.7037,0.0625,1.625
934,86.3636,5.996,47.7207,0.0,0.0,1.5455
935,75.9259,10.9674,46.9065,20.0,0.3333,1.3333
936,78.9216,7.4051,47.6077,11.5385,0.1765,1.3529
937,71.5686,9.9218,47.6763,3.7037,0.0588,1.5294
938,72.2222,8.8432,47.7508,3.4483,0.0556,1.5556
939,75.8333,9.5633,47.4021,12.5,0.2,1.4
940,81.25,5.8365,46.3373,12.9032,0.25,1.6875
941,67.3016,14.6184,45.9188,13.8889,0.2381,1.4762
942,71.4286,14.8489,45.1723,19.0476,0.2857,1.2143
943,63.7255,13.3392,45.6846,11.1111,0.1765,1.4118
944,75.0,11.3796,44.1689,19.2308,0.3125,1.3125
945,80.5556,6.1425,45.5732,3.7037,0.0667,1.7333
946,80.3922,6.806,47.1557,3.5714,0.0588,1.5882
947,80.3922,7.6471,48.4014,5.7143,0.1176,1.9412
948,55.2632,17.7045,47.712,20.6897,0.3158,1.2105
949,87.7778,5.5604,47.6154,13.6364,0.2,1.2667
950,64.0625,13.3371,46.4823,3.8462,0.0625,1.5625
951,76.4706,8.8183,47.4395,7.1429,0.1176,1.5294
952,71.4286,11.4586,47.2022,18.75,0.2143,0.9286
953,94.0476,5.2625,47.6451,0.0,0.0,1.2857
954,52.5641,11.8171,46.8987,17.6471,0.2308,1.0769
955,83.3333,5.4856,47.7767,3.0303,0.0556,1.7778
956,86.1111,5.2979,48.492,0.0,0.0,1.5833
957,76.4706,6.7424,48.5551,3.0303,0.0588,1.8824
958,77.0833,8.0486,49.1909,11.1111,0.1875,1.5
959,88.4615,5.1535,49.0384,5.5556,0.0769,1.3077
960,63.8889,12.2189,47.2766,20.8333,0.2778,1.0556
961,61.1111,9.0737,47.37,10.5263,0.1667,1.4167
962,58.8235,14.8909,45.8933,14.8148,0.2353,1.3529
963,66.6667,11.6004,46.774,3.2258,0.05,1.5
964,96.3542,1.9563,49.4737,0.0,0.0,2.125
965,61.4583,13.8571,48.3379,23.3333,0.4375,1.4375
966,64.5238,11.2127,48.3652,13.8889,0.2381,1.4762
967,60.7692,16.9623,46.6817,11.1111,0.2308,1.8462
968,75.0,12.3773,46.971,15.7895,0.2143,1.1429
969,76.8519,7.6719,48.2505,3.7037,0.0556,1.4444
970,90.0,4.3106,47.9692,0.0,0.0,1.6
971,60.0,15.1199,48.3927,14.2857,0.2,1.2
972,73.6111,11.9279,48.3197,6.6667,0.1111,1.5556
973,54.6296,16.6887,47.0238,10.0,0.1667,1.5
974,80.0,8.0558,47.5684,4.0,0.0667,1.6
975,84.6154,6.6148,48.3161,5.5556,0.0769,1.3077
976,79.4118,8.4688,47.4703,11.5385,0.1765,1.3529
977,84.3137,6.0699,47.5341,7.4074,0.1176,1.4706
978,57.6923,15.4439,47.2635,4.3478,0.0769,1.6923
979,75.0,6.8156,48.0355,0.0,0.0,1.6875
980,72.6852,8.2936,48.7025,9.375,0.1667,1.6111
981,92.1875,5.9206,49.0339,0.0,0.0,1.375
982,75.0,10.7379,48.2486,9.0909,0.1765,1.7647
983,76.4706,8.2869,46.9361,11.4286,0.2353,1.8235
984,71.1111,9.1615,47.506,4.3478,0.0667,1.4667
985,79.1667,8.5803,47.4325,4.0,0.0625,1.5
986,82.1429,8.1258,47.386,10.0,0.1429,1.2857
987,83.3333,5.9358,49.086,5.5556,0.1053,1.7895
988,65.098,12.6686,47.3045,27.2727,0.5294,1.4118
989,79.4118,7.878,47.7591,3.4483,0.0588,1.6471
990,67.5926,12.2885,46.1795,7.4074,0.1111,1.3889
991,67.6191,14.3483,45.3651,12.0,0.2143,1.5714
992,71.6667,9.9129,45.3191,12.0,0.2,1.4667
993,64.9123,11.954,44.504,10.3448,0.1579,1.3684
994,78.7879,8.5326,45.9628,6.6667,0.0909,1.2727
995,71.875,9.311,45.623,19.0476,0.25,1.0625
996,72.6191,9.8337,45.9263,8.6957,0.1429,1.5
997,57.1429,17.3334,45.4059,12.5,0.2143,1.5
998,73.9583,10.4679,46.4496,9.6774,0.1875,1.75
999,51.0417,17.2012,46.4141,7.4074,0.125,1.5625
1000,77.0833,10.0159,46.2252,8.6957,0.125,1.3125
1001,62.7451,11.7271,45.2075,23.0769,0.3529,1.1765
1002,83.3333,8.3216,44.8679,11.1111,0.1333,1.0667
1003,66.6667,8.6586,44.3257,13.6364,0.2,1.2667
1004,77.381,8.9351,44.2151,10.8108,0.1905,1.5714
1005,87.963,6.855,45.5081,0.0,0.0,1.7222
1006,86.0417,4.8289,46.9129,8.3333,0.1875,2.0625
1007,88.2353,4.2348,47.6501,0.0,0.0,1.2941
1008,68.75,10.7486,47.3812,0.0,0.0,1.875
1009,68.6667,10.4065,46.0933,3.3333,0.0667,1.9333
1010,70.0,9.6332,46.1774,5.5556,0.0667,1.1333
1011,81.1111,7.556,45.7898,4.3478,0.0667,1.4667
1012,54.5455,17.6426,44.371,18.75,0.2727,1.1818
1013,78.5714,8.0807,44.5561,5.2632,0.0714,1.2857
1014,81.5476,8.363,44.5503,0.0,0.0,1.6429
1015,79.6296,9.5177,42.785,7.4074,0.1111,1.3889
1016,65.3846,11.1528,43.3397,4.5455,0.0769,1.6154
1017,80.303,8.4739,43.5375,5.5556,0.0909,1.5455
1018,74.4444,13.8267,42.8617,0.0,0.0,1.6
1019,77.451,10.5047,41.2666,16.129,0.2941,1.5294
1020,68.1818,10.2062,41.609,5.0,0.0909,1.7273
1021,55.2632,11.1951,41.2569,0.0,0.0,1.5789
1022,64.4445,10.8916,40.7138,0.0,0.0,1.6667
1023,79.6875,7.9056,41.9254,0.0,0.0,1.375
1024,72.0833,12.3052,39.9183,11.1111,0.2,1.6
1025,64.3137,12.0423,38.3318,6.8966,0.1176,1.5882
1026,78.125,8.3492,37.5282,4.1667,0.0625,1.4375
1027,82.2917,6.9595,38.0912,4.0,0.0625,1.5
1028,74.359,9.9797,38.9459,4.5455,0.0769,1.6154
1029,84.2593,5.5967,40.103,3.4483,0.0556,1.5556
1030,76.25,9.028,40.3393,2.5,0.05,1.95
1031,70.8333,11.1124,39.6566,13.3333,0.2222,1.4444
1032,59.375,16.7727,38.8468,13.6364,0.1875,1.1875
1033,78.8889,6.332,38.5449,0.0,0.0,1.9333
1034,78.125,8.3615,38.0793,3.8462,0.0625,1.5625
1035,66.6667,13.0881,38.5172,8.6957,0.1333,1.4
1036,71.4286,9.1027,39.0857,5.0,0.0714,1.3571
1037,100.0,1.4646,39.3653,0.0,0.0,1.0769
1038,73.5294,8.8135,38.569,0.0,0.0,1.6471
1039,70.8333,12.3668,39.1404,0.0,0.0,1.8333
1040,63.2353,11.7855,39.0145,0.0,0.0,1.8824
1041,81.1111,7.1346,38.4626,4.3478,0.0667,1.4667
1042,67.7778,7.3462,38.1069,4.3478,0.0667,1.4667
1043,72.2222,7.0135,36.7499,4.1667,0.0556,1.2778
1044,96.4286,3.0829,36.6234,0.0,0.0,1.4286
1045,74.4444,10.8396,35.1261,4.3478,0.0667,1.4667
1046,73.3333,8.8372,33.9627,8.5714,0.15,1.6
1047,75.1111,10.1319,33.8405,8.5714,0.2,2.1333
1048,65.0,9.6973,33.6449,12.9032,0.25,1.6875
1049,62.8788,11.2999,34.7491,5.7143,0.0909,1.5
1050,64.0476,10.9551,34.6791,4.1667,0.0714,1.6429
1051,82.2222,6.0885,37.4433,0.0,0.0,1.7333
1052,63.3333,12.8024,36.6769,4.5455,0.0667,1.4
1053,64.2857,11.0001,35.6294,15.0,0.2143,1.2143
1054,100.0,2.8129,36.3539,0.0,0.0,1.4545
1055,65.3846,9.1511,36.1076,0.0,0.0,1.4615
1056,53.6458,16.2349,35.2469,23.3333,0.4375,1.4375
1057,62.5,13.2529,36.2059,8.6957,0.125,1.3125
1058,68.0556,8.1805,36.9003,0.0,0.0,1.6667
1059,62.5,7.7485,37.0247,0.0,0.0,1.4167
1060,61.9792,14.9747,36.734,9.375,0.1875,1.8125
1061,50.5952,15.613,36.4806,20.6897,0.4286,1.6429
1062,84.6154,3.2286,36.8438,0.0,0.0,1.6154
1063,74.5098,10.6213,36.4267,7.1429,0.1176,1.5294
1064,76.8519,8.7959,37.2437,9.0909,0.1667,1.6667
1065,73.4375,13.7275,37.775,15.3846,0.25,1.375
1066,70.6349,8.3411,37.3075,6.0606,0.0952,1.4762
1067,84.5238,5.6041,37.6841,0.0,0.0,1.6429
1068,39.8148,17.0252,36.893,14.8148,0.2222,1.2778
1069,73.1481,9.8696,37.0844,11.5385,0.1667,1.2778
1070,71.875,10.8099,36.936,8.0,0.125,1.4375
1071,71.5686,11.0259,37.4472,6.8966,0.1176,1.5882
1072,62.0,13.1939,38.4939,7.6923,0.15,1.8
1073,65.0,12.4602,38.824,6.25,0.1,1.5
1074,61.9048,9.7737,39.4261,0.0,0.0,1.4286
1075,86.5385,5.7696,39.228,0.0,0.0,1.6923
1076,63.5417,11.0418,38.8699,6.6667,0.125,1.75
1077,78.2051,9.3001,38.4218,10.5263,0.1538,1.3077
1078,74.359,10.6089,38.2196,5.2632,0.0769,1.3846
1079,63.3333,14.4746,38.4892,10.5263,0.1333,1.1333
1080,73.5294,8.8327,39.4384,3.3333,0.0588,1.7059
1081,65.1515,10.3544,39.6122,0.0,0.0,1.4545
1082,68.1373,11.4609,40.8866,3.125,0.0588,1.8235
1083,67.7083,10.2588,40.1978,4.1667,0.0625,1.4375
1084,85.7143,6.9992,40.2771,0.0,0.0,1.3571
1085,84.2105,5.2244,40.7683,4.0,0.0526,1.2632
1086,62.1212,11.2293,40.8874,0.0,0.0,1.5455
1087,87.963,5.1007,41.7085,0.0,0.0,1.7222
1088,86.1111,5.8321,40.713,10.0,0.1667,1.5
1089,74.5098,9.5827,40.1171,5.0,0.1176,2.2353
1090,56.4815,12.5673,39.4553,10.3448,0.1667,1.4444
1091,70.6349,11.724,39.8168,8.3333,0.1429,1.5714
1092,59.1026,15.057,39.5581,7.6923,0.1538,1.8462
1093,62.2222,13.3155,38.199,17.3913,0.2667,1.2667
1094,68.8889,10.0114,39.1882,0.0,0.0,1.4
1095,80.5556,7.1629,38.5738,9.5238,0.1667,1.5833
1096,58.3333,11.05,38.5054,6.6667,0.0833,1.1667
1097,49.5238,15.1779,38.4026,7.6923,0.1429,1.7143
1098,81.25,8.4698,40.5581,3.8462,0.0625,1.5625
1099,66.0257,7.8994,40.9858,0.0,0.0,1.5385
1100,83.3333,7.7515,41.5242,6.25,0.0833,1.25
1101,73.718,8.4435,41.8838,11.5385,0.2308,1.7692
1102,83.3333,6.9699,42.3677,0.0,0.0,2.0
1103,73.0769,10.5813,41.2749,7.6923,0.1538,1.8462
1104,69.0476,9.3417,41.8912,0.0,0.0,1.6429
1105,76.3158,10.3506,42.5109,3.0303,0.0526,1.6842
1106,81.6667,5.5202,41.7718,13.0435,0.2,1.3333
1107,77.451,7.6561,41.6947,6.6667,0.1176,1.6471
1108,74.0741,8.4861,41.3098,6.4516,0.1111,1.6111
1109,68.8889,10.8616,41.6254,4.1667,0.0667,1.5333
1110,86.1111,4.2654,42.4903,0.0,0.0,1.4444
1111,84.4445,6.2448,42.9208,4.7619,0.0667,1.3333
1112,73.5294,7.9915,42.8159,3.3333,0.0588,1.7059
1113,72.3529,10.7864,42.7321,2.9412,0.0588,1.9412
1114,80.3922,7.4446,42.2673,0.0,0.0,1.6471
1115,80.2632,6.6427,42.8273,0.0,0.0,1.4737
1116,65.625,14.0799,40.8184,24.0,0.375,1.1875
1117,72.7273,7.8966,41.0889,0.0,0.0,1.6364
1118,78.7037,8.733,41.5493,0.0,0.0,1.8333
1119,63.6364,9.8116,41.8569,0.0,0.0,1.4545
1120,71.4286,10.151,42.3099,5.5556,0.0714,1.2143
1121,100.0,1.9727,44.4593,0.0,0.0,1.5333
1122,55.7292,16.4482,43.2977,12.0,0.1875,1.375
1123,75.0,6.7148,43.3229,0.0,0.0,1.7143
1124,95.8333,3.2876,43.2245,3.7037,0.0625,1.625
1125,84.6154,6.1545,42.9513,5.5556,0.0769,1.3077
1126,69.4444,9.7842,43.2195,7.1429,0.1111,1.4444
1127,47.2222,20.1067,42.7559,19.0476,0.2222,0.9444
1128,63.8889,17.9675,41.4694,15.7895,0.25,1.3333
1129,82.5758,6.2375,41.9252,0.0,0.0,1.6364
1130,81.0185,6.0346,42.3522,9.0909,0.1667,1.6667
1131,62.2549,12.1498,43.6005,2.6316,0.0588,2.1765
1132,69.4444,10.4735,43.2158,7.6923,0.1111,1.3333
1133,74.0196,9.4194,42.4872,6.0606,0.1176,1.8235
1134,56.9444,12.848,41.6209,6.6667,0.1111,1.5556
1135,75.0,8.1719,41.4161,9.0909,0.1429,1.4286
1136,73.0769,7.5363,41.8293,0.0,0.0,1.3846
1137,72.2222,8.6751,42.494,0.0,0.0,1.6667
1138,75.0,9.5072,43.4541,0.0,0.0,1.3571
1139,76.9048,8.8353,43.7285,3.7037,0.0714,1.8571
1140,62.5,10.2166,43.9177,4.1667,0.0625,1.4375
1141,80.7692,7.3682,43.5291,9.0909,0.1538,1.5385
1142,75.0,9.4441,43.1281,9.5238,0.1667,1.5833
1143,51.1905,15.0067,43.5027,3.8462,0.0714,1.7857
1144,62.1795,12.6633,44.3433,0.0,0.0,2.0
1145,69.2308,13.0436,44.1924,4.1667,0.0769,1.7692
1146,62.7451,12.391,43.7912,7.1429,0.1176,1.5294
1147,72.7778,8.008,43.8335,3.5714,0.0667,1.8
1148,57.6667,14.6647,42.4146,15.3846,0.2667,1.4667
1149,64.8148,13.1321,42.3541,6.0606,0.1111,1.7222
1150,70.8333,9.4011,42.5078,10.7143,0.1875,1.5625
1151,61.1111,13.6665,42.2881,7.1429,0.1111,1.4444
1152,66.6667,11.8434,43.094,7.1429,0.1176,1.5294
1153,73.6111,11.0073,44.0534,5.2632,0.0833,1.5
1154,68.6275,11.1589,44.5193,0.0,0.0,1.5882
1155,75.8772,9.7507,44.3594,2.6316,0.0526,1.9474
1156,70.098,10.2425,44.6258,0.0,0.0,1.5882
1157,58.9286,13.1981,44.0377,10.0,0.1429,1.2857
1158,92.1875,4.442,44.5129,0.0,0.0,1.75
1159,84.6154,5.1706,44.7242,4.5455,0.0769,1.6154
1160,78.8889,8.5765,44.5671,0.0,0.0,1.6667
1161,73.0769,11.2535,44.7508,0.0,0.0,1.4615
1162,68.1818,6.8665,44.9778,0.0,0.0,1.1818
1163,78.125,8.5083,44.9595,0.0,0.0,1.5
1164,51.1111,17.1082,45.1143,8.0,0.1333,1.5333
1165,61.3095,11.8636,45.1993,0.0,0.0,1.9286
1166,71.4286,7.6877,45.0876,0.0,0.0,1.4286
1167,58.3333,16.1031,44.0629,5.5556,0.0833,1.4167
1168,62.037,12.0294,43.9164,0.0,0.0,1.2778
1169,64.2857,13.2079,44.1521,4.5455,0.0714,1.5
1170,61.1111,11.0194,44.0155,0.0,0.0,1.5333
1171,53.9683,13.2609,44.121,11.4286,0.1905,1.4762
1172,82.2917,7.3041,44.4205,5.5556,0.125,2.125
1173,72.9167,11.1501,44.0376,3.0303,0.0625,2.0
1174,74.2064,7.6007,45.1984,0.0,0.0,1.7143
1175,58.9286,13.0244,45.1019,0.0,0.0,1.7143
1176,63.3333,11.6673,44.9781,8.3333,0.1333,1.4667
1177,67.6471,11.7938,44.44,10.3448,0.1765,1.5294
1178,66.6667,13.0554,44.0836,0.0,0.0,1.3333
1179,85.0,4.9293,44.2401,0.0,0.0,1.5
1180,93.5897,2.9358,44.4859,0.0,0.0,1.5385
1181,72.2222,8.7932,44.9623,6.8966,0.1333,1.8
1182,59.375,12.8265,44.7956,9.0909,0.125,1.25
1183,80.3571,8.5562,45.0201,0.0,0.0,1.7857
1184,81.25,7.3515,44.5281,10.5263,0.1667,1.4167
1185,70.5556,11.9945,44.2198,3.3333,0.0667,1.9333
1186,70.8333,10.5227,44.8764,3.8462,0.0714,1.7857
1187,73.3333,9.0412,44.5253,4.3478,0.0667,1.4667
1188,53.125,14.8253,44.4208,3.8462,0.0625,1.5625
1189,73.0392,9.0307,44.2312,6.4516,0.1176,1.7059
1190,73.4375,8.9532,44.7948,6.8966,0.125,1.6875
1191,73.3333,11.2101,43.8275,6.0606,0.1,1.55
1192,82.2222,8.8491,44.3234,4.1667,0.0667,1.5333
1193,76.8519,8.5754,44.7357,4.0,0.0556,1.3333
1194,71.5686,9.2041,45.0434,3.5714,0.0588,1.5882
1195,74.4444,11.6653,44.876,4.5455,0.0667,1.4
1196,66.6667,11.244,44.0825,6.8966,0.1176,1.5882
1197,50.0,18.1175,42.3379,14.2857,0.3158,1.8947
1198,60.0,15.8929,42.5282,9.375,0.15,1.45
1199,80.0,9.4287,42.3587,4.7619,0.0667,1.3333
1200,76.9231,8.4313,43.1365,0.0,0.0,1.3846
1201,62.2222,11.1722,44.5253,0.0,0.0,1.8667
1202,78.5714,8.5473,44.0836,14.2857,0.2143,1.2857
1203,81.9445,7.2934,45.1083,5.2632,0.0833,1.5
1204,50.0,17.9628,44.4585,11.1111,0.1333,1.0667
1205,83.3333,5.8046,44.1696,9.6774,0.1765,1.6471
1206,73.6111,7.8897,44.219,0.0,0.0,1.3333
1207,68.9815,13.9783,44.3359,9.6774,0.1667,1.5556
1208,56.4103,13.0453,44.906,5.2632,0.0769,1.3846
1209,55.0,14.1765,44.2038,14.2857,0.2,1.2
1210,70.3704,9.1209,44.5314,0.0,0.0,1.2778
1211,79.1667,7.49,45.1687,0.0,0.0,1.5
1212,74.0741,6.652,45.5694,0.0,0.0,1.6111
1213,68.4211,8.4949,46.6446,0.0,0.0,1.7895
1214,69.2708,9.7726,46.0415,2.7778,0.0625,2.1875
1215,81.3726,8.4863,46.2114,0.0,0.0,1.7059
1216,61.4035,12.547,45.0395,11.1111,0.2105,1.6842
1217,40.625,19.423,44.5695,10.7143,0.1875,1.5625
1218,60.0,12.3496,43.5614,7.6923,0.1333,1.6
1219,63.3333,12.049,42.9387,4.5455,0.0667,1.4
1220,69.697,8.9497,42.8587,0.0,0.0,1.5455
1221,46.1538,17.02,44.3342,6.25,0.0769,1.1538
1222,58.9744,15.0535,44.9932,0.0,0.0,1.6923
1223,80.7292,8.0656,45.6714,6.4516,0.125,1.8125
1224,86.5385,4.662,45.8501,0.0,0.0,1.6154
1225,53.5714,16.9596,45.8511,5.2632,0.0714,1.2857
1226,51.2821,14.242,45.086,0.0,0.0,1.7692
1227,65.3846,13.6815,45.2308,0.0,0.0,1.9231
1228,58.9744,13.1706,44.5104,0.0,0.0,1.8462
1229,67.8571,11.1446,44.9218,0.0,0.0,1.4286
1230,58.7719,12.7902,44.6529,3.0303,0.0526,1.6842
1231,80.3571,8.6393,45.0112,0.0,0.0,1.6429
1232,86.1111,4.3459,45.8225,0.0,0.0,1.6111
1233,74.5098,8.4821,45.4192,0.0,0.0,1.6471
1234,49.0196,16.1132,45.756,3.7037,0.0588,1.5294
1235,79.1667,6.7116,45.8016,0.0,0.0,1.5
1236,68.75,10.3769,45.1218,4.7619,0.0625,1.25
1237,80.8824,7.4019,44.8508,10.0,0.1765,1.5882
1238,97.0588,2.6941,45.6418,0.0,0.0,1.7647
1239,76.0417,10.5869,45.8332,0.0,0.0,1.8125
1240,84.1667,6.6501,46.507,3.4483,0.05,1.4
1241,76.4706,8.9112,46.3169,3.8462,0.0588,1.4706
1242,72.2222,8.707,46.4108,0.0,0.0,1.4444
1243,72.2222,10.9034,46.2562,0.0,0.0,1.7778
1244,25.641,21.9413,46.2246,5.2632,0.0769,1.3846
1245,70.8333,6.1454,45.9556,0.0,0.0,1.3333
1246,71.6667,11.1787,45.2191,8.6957,0.1333,1.4
1247,61.7647,13.4669,44.7294,0.0,0.0,1.5294
1248,72.2222,11.3211,43.6869,11.5385,0.2,1.5333
1249,80.2083,9.2467,44.0426,3.8462,0.0625,1.5625
1250,63.8889,12.0993,44.452,5.5556,0.0833,1.4167
1251,62.037,10.4184,44.5384,4.0,0.0556,1.3333
1252,82.2222,6.35,45.1311,0.0,0.0,1.2667
1253,50.0,19.1039,45.3439,0.0,0.0,1.5455
1254,63.8889,9.4633,45.4013,2.7027,0.0476,1.7143
1255,78.0702,8.2426,45.5386,2.8571,0.0526,1.7895
1256,70.1961,10.9896,45.0082,10.8108,0.2353,1.9412
1257,53.5088,16.6759,45.1103,11.1111,0.1579,1.2632
1258,54.6296,13.946,45.1288,5.7143,0.1111,1.8333
1259,73.0392,9.805,45.5763,3.4483,0.0588,1.6471
1260,61.4583,12.7656,45.4337,8.0,0.125,1.4375
1261,76.6667,9.4744,45.1507,5.2632,0.0667,1.2
1262,52.7778,15.0926,44.5243,26.3158,0.4167,1.1667
1263,66.6667,9.2538,44.715,0.0,0.0,1.4167
1264,40.4762,19.479,44.8107,8.0,0.1429,1.6429
1265,77.193,8.4655,44.3635,7.1429,0.1053,1.3684
1266,65.3846,14.3614,44.7399,9.0909,0.1538,1.5385
1267,88.6364,4.2588,44.6108,4.7619,0.0909,1.8182
1268,71.7949,10.3823,44.2325,4.7619,0.0769,1.5385
1269,58.3333,15.9433,44.6381,12.9032,0.25,1.6875
1270,77.381,8.3146,44.3679,8.3333,0.1429,1.5714
1271,76.6667,9.1322,44.6451,0.0,0.0,1.4
1272,84.3137,4.2098,45.937,0.0,0.0,1.7059
1273,61.7647,12.0444,46.5284,8.0,0.1176,1.3529
1274,56.4815,14.7427,46.2366,3.125,0.0556,1.7222
1275,77.7778,10.1364,45.811,0.0,0.0,1.6
1276,64.8148,10.4155,45.4619,3.8462,0.0556,1.3889
1277,65.625,11.918,45.1026,4.0,0.0625,1.5
1278,89.2857,4.0445,45.4928,4.7619,0.0714,1.4286
1279,91.1111,6.0947,46.005,0.0,0.0,1.5333
1280,62.7193,10.388,46.1301,5.5556,0.1053,1.7895
1281,79.6296,10.886,45.3256,8.5714,0.1667,1.7778
1282,64.2157,11.8942,44.2815,14.8148,0.2353,1.3529
1283,77.2222,8.632,44.1147,4.1667,0.0667,1.5333
1284,79.1667,7.6608,44.5136,0.0,0.0,1.5
1285,72.6191,9.8328,45.3843,4.3478,0.0714,1.5714
1286,73.3333,6.9989,46.4919,0.0,0.0,1.4
1287,63.6364,13.7318,46.5894,0.0,0.0,1.0909
1288,62.7451,14.8699,46.9697,3.8462,0.0588,1.4706
1289,57.7381,12.9378,47.083,0.0,0.0,1.7143
1290,54.6875,14.0558,45.746,15.1515,0.3125,1.75
1291,72.2222,11.7508,45.906,4.7619,0.0667,1.3333
1292,53.8889,15.3242,45.7969,4.3478,0.0667,1.4667
1293,80.3922,8.8454,45.402,0.0,0.0,1.1176
1294,69.2308,12.2747,45.6083,4.5455,0.0769,1.6154
1295,74.4048,11.5642,45.4538,12.5,0.2143,1.5
1296,65.8333,8.8896,45.9102,5.5556,0.1,1.7
1297,82.8125,6.2282,45.9354,0.0,0.0,2.25
1298,70.8333,9.346,46.5186,0.0,0.0,1.6875
1299,80.303,6.9599,46.1146,2.8571,0.0455,1.5455
1300,87.7778,5.0046,46.3947,0.0,0.0,1.8
1301,75.0,9.257,46.5767,4.0,0.0667,1.6
1302,76.3158,7.0908,46.9048,3.4483,0.0526,1.4737
1303,52.381,16.498,46.2625,10.0,0.1429,1.2857
1304,55.0,10.6264,46.4132,0.0,0.0,1.3
1305,49.0909,17.1044,45.7456,5.5556,0.0909,1.5455
1306,64.4445,9.7279,45.6031,7.6923,0.1333,1.6
1307,77.451,5.3754,45.6605,0.0,0.0,1.4118
1308,75.0,10.8768,46.5483,0.0,0.0,1.6923
1309,81.8182,4.793,46.8137,0.0,0.0,1.6364
1310,78.8889,5.9732,47.2936,0.0,0.0,1.8
1311,77.7778,8.6652,47.0845,0.0,0.0,1.8
1312,66.6667,13.8864,45.9759,9.0909,0.1333,1.3333
1313,50.9804,14.8959,44.0784,19.2308,0.2941,1.2353
1314,64.3519,13.9457,43.7866,6.4516,0.1111,1.6111
1315,66.1765,12.2006,43.5808,0.0,0.0,1.6471
1316,61.4035,11.5738,44.8418,0.0,0.0,1.5789
1317,67.8571,11.1757,45.631,0.0,0.0,1.5714
1318,80.2083,6.6747,46.0755,4.3478,0.0625,1.375
1319,66.6667,10.4791,45.7347,10.3448,0.1765,1.5294
1320,68.8889,11.4918,45.7756,4.3478,0.0667,1.4667
1321,73.3333,6.2119,46.2197,0.0,0.0,1.6667
1322,72.549,9.9567,46.5287,5.4054,0.1176,2.0588
1323,60.0,10.8974,46.5461,2.7778,0.05,1.75
1324,53.125,14.367,45.9299,4.3478,0.0625,1.375
1325,65.3846,14.9037,46.0895,5.5556,0.0769,1.3077
1326,75.0,7.9714,46.4615,4.0,0.0714,1.7143
1327,64.1026,10.0979,46.4403,0.0,0.0,1.5385
1328,72.2222,9.1113,46.8163,0.0,0.0,1.3333
1329,63.3333,11.9891,46.7347,10.0,0.1333,1.2
1330,68.4211,12.2924,45.9697,6.4516,0.1053,1.5263
1331,67.8571,12.3214,45.5579,9.5238,0.1429,1.3571
1332,54.8246,14.5771,45.0084,0.0,0.0,1.8421
1333,66.6667,14.9468,44.3469,18.1818,0.3333,1.5
1334,93.3333,2.7275,44.9096,0.0,0.0,1.2667
1335,59.375,14.3269,45.4748,12.5,0.1875,1.3125
1336,72.2222,11.3006,45.8691,0.0,0.0,1.5833
1337,49.1667,17.8627,45.5816,11.4286,0.2,1.55
1338,68.5185,11.3251,45.9487,0.0,0.0,1.7778
1339,83.2292,6.5211,46.2985,5.2632,0.125,2.25
1340,82.2917,4.1668,47.0594,0.0,0.0,1.5625
1341,77.381,6.0345,46.8952,2.7778,0.0476,1.6667
1342,55.9524,13.7491,46.6216,4.0,0.0714,1.7143
1343,61.7647,14.4195,46.1911,4.0,0.0588,1.4118
1344,73.1481,8.9653,46.0822,8.0,0.1111,1.2778
1345,76.6667,8.3258,45.7627,13.0435,0.2,1.3333
1346,80.0,7.9326,46.2606,8.3333,0.1,1.1
1347,50.0,19.4027,46.4481,0.0,0.0,1.5833
1348,58.8235,13.2392,46.4741,6.25,0.1176,1.7647
1349,83.9744,6.138,47.3148,0.0,0.0,1.5385
1350,75.0,8.574,47.4521,10.0,0.1429,1.2857
1351,79.1667,8.3786,46.9459,4.5455,0.0833,1.75
1352,91.0714,4.4817,46.9288,3.8462,0.0714,1.7857
1353,79.1667,7.9818,46.8281,0.0,0.0,1.6667
1354,72.2222,11.4427,46.3475,13.6364,0.2,1.2667
1355,78.9474,6.7779,46.9957,0.0,0.0,1.6842
1356,79.0625,6.4582,47.0808,3.8462,0.0625,1.5625
1357,50.9259,16.9164,46.7025,0.0,0.0,1.5
1358,68.3333,13.5518,47.132,3.7037,0.0667,1.7333
1359,79.1667,8.5556,46.7774,3.7037,0.0625,1.625
1360,77.0833,6.6816,46.9765,0.0,0.0,1.625
1361,67.9487,12.3724,47.414,0.0,0.0,1.4615
1362,61.4583,12.2527,47.9285,3.5714,0.0625,1.6875
1363,70.8333,11.0494,47.7139,6.6667,0.125,1.75
1364,73.0769,8.8665,47.3357,0.0,0.0,1.8462
1365,58.3333,15.905,46.2977,3.0303,0.0526,1.6842
1366,73.1481,9.3157,46.6013,3.3333,0.0556,1.6111
1367,50.0,19.0929,45.5871,15.3846,0.1818,1.0
1368,87.963,6.9792,45.1073,3.125,0.0556,1.7222
1369,37.1795,20.3578,44.6962,23.8095,0.3846,1.2308
1370,60.0,13.6508,44.1121,7.1429,0.1,1.3
1371,73.0769,9.2122,43.3945,5.0,0.0769,1.4615
1372,64.2857,12.8401,43.9806,6.6667,0.0952,1.3333
1373,49.3333,18.9523,43.9003,14.2857,0.2667,1.6
1374,78.9216,6.5935,45.6191,0.0,0.0,1.6471
1375,51.5152,14.2154,45.2583,5.2632,0.0909,1.6364
1376,52.7778,16.1848,45.7189,7.6923,0.1111,1.3333
1377,70.2381,9.5617,46.2402,13.6364,0.2143,1.3571
1378,76.3889,8.4292,46.3365,0.0,0.0,1.4167
1379,74.5833,8.0032,45.6755,4.878,0.1,1.95
1380,59.8333,15.0784,45.8162,2.7027,0.05,1.8
1381,69.6078,8.8972,45.1293,5.8824,0.1176,1.8824
1382,73.9583,9.3741,45.5399,4.0,0.0625,1.5
1383,84.2593,6.4271,45.6982,5.7143,0.1111,1.8333
1384,60.4167,13.4455,45.753,3.7037,0.0625,1.625
1385,75.4902,8.9645,45.6489,11.5385,0.1765,1.3529
1386,75.0,9.5112,45.4656,4.1667,0.0556,1.2778
1387,59.7222,13.0982,45.8249,5.8824,0.0833,1.3333
1388,70.9091,11.7924,45.6563,10.5263,0.1818,1.5455
1389,88.4615,5.9823,46.777,16.0,0.3077,1.6154
1390,76.5625,9.1842,46.6472,4.1667,0.0625,1.4375
1391,65.2778,13.4822,46.5555,0.0,0.0,1.5
1392,61.5385,12.6767,45.7253,12.5,0.2308,1.6154
1393,36.9048,22.938,43.7157,27.2727,0.4286,1.1429
1394,73.3333,7.9864,43.88,3.5714,0.0667,1.8
1395,67.9487,15.3687,43.316,5.0,0.0769,1.4615
1396,76.0417,8.6632,43.778,4.1667,0.0625,1.4375
1397,74.0741,8.7089,46.1601,3.4483,0.0556,1.5556
1398,60.2778,17.6405,45.4904,7.4074,0.1111,1.3889
1399,70.5882,10.7846,45.5158,3.3333,0.0588,1.7059
1400,76.7857,8.988,46.0433,0.0,0.0,1.6429
1401,74.5098,9.5256,46.029,3.7037,0.0588,1.5294
1402,71.875,12.3087,46.3921,8.3333,0.125,1.375
1403,46.7949,17.6115,45.7521,13.0435,0.2308,1.5385
1404,62.5,16.6675,45.967,9.0909,0.125,1.25
1405,53.9216,15.5276,45.4422,3.125,0.0588,1.8235
1406,59.2593,14.6535,45.7078,6.0606,0.1111,1.7222
1407,77.0833,10.4221,46.0216,7.4074,0.125,1.5625
1408,67.2222,6.3378,46.3657,3.8462,0.0667,1.6667
1409,58.3333,12.5605,47.0387,0.0,0.0,1.2857
1410,66.6667,11.108,47.7855,0.0,0.0,1.6923
1411,71.1111,10.0263,47.8904,0.0,0.0,1.6
1412,45.4545,20.3283,46.8516,21.4286,0.2727,1.0
1413,76.4706,8.3765,47.1202,0.0,0.0,1.4118
1414,62.2807,13.2338,46.1481,9.0909,0.1579,1.5789
1415,66.1458,10.4091,47.1779,3.2258,0.0625,1.875
1416,78.8889,9.1855,47.1401,0.0,0.0,1.4
1417,58.3333,15.5861,46.3339,9.5238,0.1429,1.3571
1418,85.9375,7.0376,47.0285,0.0,0.0,1.4375
1419,78.5714,6.9973,47.0585,5.0,0.0714,1.3571
1420,72.6191,9.5372,46.6727,0.0,0.0,1.7143
1421,66.6667,12.3782,46.9683,0.0,0.0,1.85
1422,62.2549,11.0438,46.3272,2.7027,0.0588,2.1176
1423,71.2963,10.7964,45.6612,10.7143,0.1667,1.3889
1424,71.4286,9.5874,46.0858,0.0,0.0,1.5714
1425,78.8462,7.7237,47.1779,0.0,0.0,2.0
1426,49.0741,17.5432,47.129,14.2857,0.2222,1.3333
1427,74.0741,7.74,47.4526,0.0,0.0,1.5
1428,79.7619,5.009,47.3985,0.0,0.0,1.5
1429,71.4286,9.1943,47.2941,5.8824,0.0714,1.1429
1430,43.0,19.6197,47.0048,5.8824,0.1,1.6
1431,56.9444,13.7477,47.0633,0.0,0.0,2.0
1432,69.2308,10.9102,47.1355,0.0,0.0,1.3077
1433,80.7692,7.1219,47.0444,9.0909,0.1538,1.5385
1434,51.5152,14.0676,47.1313,0.0,0.0,1.9091
1435,64.0625,13.3828,47.3607,3.3333,0.0625,1.8125
1436,58.3333,10.6676,46.6033,4.5455,0.0714,1.5
1437,80.0,11.3491,46.5129,0.0,0.0,1.7
1438,63.7255,9.4629,46.2764,0.0,0.0,1.5882
1439,81.1404,8.9699,46.7171,3.3333,0.0526,1.5263
1440,65.7407,10.0843,47.6001,0.0,0.0,1.6667
1441,80.5556,8.8196,46.5813,6.8966,0.1111,1.5
1442,73.0769,7.2843,46.516,4.7619,0.0769,1.5385
1443,50.9804,13.685,46.747,0.0,0.0,1.3529
1444,74.5098,9.8076,46.6703,0.0,0.0,1.5294
1445,67.7778,11.7545,46.4322,8.6957,0.1333,1.4
1446,61.7647,11.0435,46.8798,4.0,0.0588,1.4118
1447,76.0417,9.1527,46.7011,0.0,0.0,1.9375
1448,60.0,13.7807,47.1186,0.0,0.0,1.9
1449,76.1111,8.1545,46.9705,12.5,0.2,1.4
1450,68.8889,10.7656,46.8209,0.0,0.0,1.4667
1451,85.0,7.1837,46.19,8.3333,0.1333,1.4667
1452,71.7949,9.6384,45.9312,5.2632,0.0769,1.3846
1453,78.7879,7.7124,46.2893,0.0,0.0,1.6364
1454,63.3333,11.3958,46.3475,5.0,0.0667,1.2667
1455,59.1667,13.1198,46.6384,3.2258,0.05,1.5
1456,80.1852,7.1373,46.9467,3.4483,0.0556,1.5556
1457,72.2222,7.8658,47.4323,0.0,0.0,1.8
1458,74.4048,9.4226,46.8887,12.5,0.2143,1.5
1459,62.5,12.0459,46.9414,9.5238,0.125,1.1875
1460,61.7647,12.7987,46.1923,3.5714,0.0588,1.5882
1461,73.6111,12.1012,45.1393,20.0,0.3333,1.3333
1462,73.1481,10.4003,45.9641,0.0,0.0,1.7222
1463,70.098,10.5612,46.0823,0.0,0.0,1.7059
1464,72.549,10.6679,47.013,5.1282,0.1176,2.1765
1465,66.1765,12.06,47.2457,0.0,0.0,1.5882
1466,63.8333,9.3636,47.0746,2.8571,0.05,1.7
1467,74.359,7.7437,48.01,0.0,0.0,1.6923
1468,68.4211,10.3162,47.5475,6.0606,0.1053,1.6316
1469,71.5686,12.2576,47.0721,0.0,0.0,1.3529
1470,75.0,11.6323,47.2988,0.0,0.0,1.5
1471,62.5,13.4102,47.1709,7.1429,0.0833,1.0833
1472,61.3636,9.5051,46.938,8.6957,0.1818,1.9091
1473,51.5625,15.0216,47.1388,3.7037,0.0625,1.625
1474,70.3704,8.2249,47.5649,7.1429,0.1111,1.4444
1475,78.7879,7.533,47.938,5.5556,0.0909,1.5455
1476,74.2424,10.7936,47.9636,0.0,0.0,1.8182
1477,50.5556,17.3065,47.5402,3.3333,0.0667,1.9333
1478,51.3889,11.1878,46.0402,10.0,0.1667,1.5
1479,69.2308,9.3138,45.2981,5.2632,0.0769,1.3846
1480,61.6667,12.6973,44.8554,6.25,0.1,1.5
1481,67.1875,10.439,45.4291,0.0,0.0,1.625
1482,75.0,9.5798,46.609,4.3478,0.0714,1.5714
1483,81.25,9.7653,46.1733,6.8966,0.125,1.6875
1484,60.7843,13.3537,45.8429,3.5714,0.0588,1.5882
1485,87.5,4.9209,45.9931,0.0,0.0,1.3125
1486,82.1429,9.5507,45.5887,0.0,0.0,1.3571
1487,78.125,7.0299,47.2383,6.8966,0.125,1.6875
1488,57.4561,15.0413,46.9856,6.0606,0.1053,1.6316
1489,68.75,11.3412,46.4519,8.6957,0.125,1.3125
1490,71.3333,6.8901,46.7219,8.5714,0.15,1.6
1491,68.1373,11.7622,46.2048,11.7647,0.2353,1.7647
1492,81.8182,6.3731,46.946,0.0,0.0,1.0909
1493,85.7843,4.8618,47.0271,0.0,0.0,1.6471
1494,58.3333,16.3615,46.822,0.0,0.0,1.6667
1495,61.5385,11.9648,46.287,5.8824,0.0769,1.2308
1496,66.6667,11.011,47.2868,4.3478,0.0588,1.2941
1497,82.5758,7.4489,46.9463,6.0606,0.0909,1.4091
1498,54.5833,16.7102,46.9274,0.0,0.0,1.875
1499,73.3333,14.8867,47.0959,3.8462,0.0667,1.6667
1500,73.2143,8.6737,46.8727,0.0,0.0,1.5
1501,76.4706,7.4394,46.8737,0.0,0.0,1.5294
1502,78.5714,7.668,46.8368,4.1667,0.0714,1.6429
1503,84.7222,5.9819,46.3591,5.5556,0.0833,1.4167
1504,67.1053,10.2155,46.6385,2.6316,0.0526,1.9474
1505,68.6275,10.9121,46.9651,0.0,0.0,1.9412
1506,81.1404,7.359,47.313,2.8571,0.0526,1.7895
1507,70.5882,8.2464,48.0783,0.0,0.0,1.4118
1508,73.1111,11.5909,48.1961,3.2258,0.0667,2.0
1509,80.3922,5.6641,48.6656,0.0,0.0,1.5882
1510,64.8148,9.8925,47.7624,0.0,0.0,1.5556
1511,75.0,8.6993,47.5881,4.5455,0.0625,1.3125
1512,50.0,19.0909,47.1231,6.25,0.0833,1.25
1513,69.2308,11.2513,47.1775,5.0,0.0769,1.4615
1514,84.8485,5.5175,47.0007,4.5455,0.0909,1.9091
1515,73.3333,8.5994,47.3345,5.0,0.0667,1.2667
1516,65.1515,9.0912,46.871,6.25,0.0909,1.3636
1517,70.5128,10.9337,47.1553,8.6957,0.1538,1.6154
1518,77.7778,3.4752,47.1488,5.8824,0.0833,1.3333
1519,60.1111,12.7856,47.0245,6.4516,0.1333,1.9333
1520,68.1818,11.1058,47.1437,0.0,0.0,1.6364
1521,68.6275,12.7456,47.0715,8.0,0.1176,1.3529
1522,59.2105,12.4597,46.7637,6.25,0.1053,1.5789
1523,78.8462,6.6604,46.9547,4.7619,0.0769,1.5385
1524,76.0417,6.1678,47.7024,0.0,0.0,1.8125
1525,75.0,10.1957,47.9856,0.0,0.0,1.6667
1526,59.375,16.6365,47.9672,4.0,0.0625,1.5
1527,74.4444,9.2936,47.5281,8.6957,0.1333,1.4
1528,53.8597,16.2667,45.7436,25.8065,0.4211,1.2105
1529,58.3333,14.1884,44.9927,7.1429,0.1111,1.4444
1530,66.2037,11.5241,45.9874,0.0,0.0,1.7222
1531,70.3704,9.6931,47.033,3.2258,0.0556,1.6667
1532,86.2745,6.0607,48.1092,0.0,0.0,1.5882
1533,66.1111,11.3059,47.271,3.3333,0.0667,1.9333
1534,83.3333,7.9535,47.4134,5.2632,0.0667,1.2
1535,84.6154,6.4397,47.5693,8.3333,0.1538,1.6923
1536,83.3333,7.9001,47.5869,0.0,0.0,1.5
1537,73.3333,8.5484,47.301,11.7647,0.1333,1.0
1538,63.1579,12.8628,47.2681,7.6923,0.1053,1.2632
1539,71.2698,9.5789,46.5846,2.8571,0.0476,1.619
1540,71.1111,7.4498,46.4776,3.3333,0.0667,1.9333
1541,65.5556,13.1296,46.9145,4.1667,0.0667,1.5333
1542,88.4615,6.4091,46.8592,0.0,0.0,1.5385
1543,73.1481,9.3248,47.0932,8.0,0.1111,1.2778
1544,49.3056,18.365,47.4239,4.7619,0.0833,1.6667
1545,67.8571,9.3993,47.5284,0.0,0.0,1.6429
1546,73.5294,10.1036,46.5671,6.25,0.1176,1.7647
1547,72.5,11.5773,46.2233,5.0,0.1,1.9
1548,70.0,11.4608,46.5016,4.1667,0.0667,1.5333
1549,69.5833,8.7279,47.4392,3.0303,0.05,1.6
1550,73.8095,9.3207,46.6685,8.0,0.1429,1.6429
1551,75.0,7.5804,47.2568,0.0,0.0,1.5556
1552,70.3704,9.8048,46.5528,7.1429,0.1111,1.4444
1553,86.9048,7.2584,46.4823,4.7619,0.0714,1.4286
1554,64.2857,9.8978,46.1489,0.0,0.0,1.1429
1555,57.5,9.3904,46.8661,0.0,0.0,1.6
1556,74.4444,8.2203,47.0534,3.8462,0.0667,1.6667
1557,62.5,12.7633,46.9046,11.1111,0.1667,1.3333
1558,75.0,10.7043,46.7484,5.8824,0.0909,1.4545
1559,70.8333,9.5403,46.8916,5.2632,0.0833,1.5
1560,59.7778,13.8208,46.3662,6.6667,0.1333,1.8667
1561,70.2381,9.3982,45.8597,4.7619,0.0714,1.4286
1562,69.4445,12.1048,46.931,0.0,0.0,1.5
1563,70.3704,10.7898,47.0232,0.0,0.0,1.5556
1564,63.8889,10.0011,47.443,6.4516,0.1111,1.6111
1565,62.2222,15.8746,47.8621,0.0,0.0,1.9167
1566,73.0392,10.3906,47.488,0.0,0.0,1.7059
1567,76.1905,5.2709,47.6221,0.0,0.0,1.4286
1568,85.5556,6.3085,47.5009,4.1667,0.0667,1.5333
1569,60.4167,15.9451,46.8824,8.0,0.125,1.4375
1570,70.1667,9.2504,45.7679,11.1111,0.2,1.6
1571,77.7778,8.5899,46.6687,0.0,0.0,1.4444
1572,66.6667,11.7468,46.5853,3.4483,0.0625,1.75
1573,78.3333,9.3001,47.9141,0.0,0.0,1.8
1574,68.3333,12.6055,47.8422,7.6923,0.1333,1.6
1575,81.1111,6.5032,47.8424,0.0,0.0,1.4
1576,82.1429,5.059,47.7227,0.0,0.0,1.5714
1577,52.5641,15.7311,47.3292,5.0,0.0769,1.4615
1578,44.8718,19.4933,46.822,5.5556,0.0769,1.3077
1579,65.625,13.3519,47.2101,0.0,0.0,1.25
1580,50.8333,13.6495,47.238,0.0,0.0,1.5
1581,76.8421,8.7245,47.785,8.8235,0.1579,1.6316
1582,63.7255,14.0888,47.502,10.3448,0.1765,1.5294
1583,64.881,12.3204,46.8787,4.1667,0.0714,1.6429
1584,96.6667,2.3661,46.9932,0.0,0.0,1.2667
1585,72.2222,10.7579,47.1021,0.0,0.0,1.5556
1586,66.6667,11.7234,47.3723,0.0,0.0,1.5
1587,56.0185,16.1911,47.4748,5.7143,0.1111,1.8333
1588,65.2778,11.0769,47.3391,3.7037,0.0556,1.4444
1589,73.1481,11.1978,47.6762,0.0,0.0,2.0
1590,60.0,11.8191,47.9729,0.0,0.0,1.6667
1591,72.5,9.5774,47.8218,3.0303,0.05,1.6
1592,83.9286,4.829,47.8308,0.0,0.0,1.4286
1593,77.5,8.3975,47.3702,6.0606,0.1,1.55
1594,67.6471,11.3757,47.8034,4.3478,0.0588,1.2941
1595,74.4444,8.6157,48.0536,0.0,0.0,1.5333
1596,57.6923,16.1411,47.1116,25.0,0.3077,0.9231
1597,71.9697,8.8715,47.4451,4.3478,0.0909,2.0
1598,58.3333,15.8979,45.9578,11.1111,0.1667,1.3333
1599,68.3333,8.5065,46.0119,5.8824,0.1,1.6
1600,63.6364,13.2724,45.9443,0.0,0.0,1.3636
1601,83.3333,6.9401,46.8742,5.8824,0.0909,1.4545
1602,62.381,10.2141,46.7162,0.0,0.0,2.0
1603,85.8974,6.8509,48.0173,0.0,0.0,1.4615
1604,78.5714,8.0108,48.1373,9.0909,0.1429,1.4286
1605,77.193,6.0689,48.2638,0.0,0.0,1.6842
1606,70.5128,12.7307,48.114,4.1667,0.0769,1.7692
1607,82.1429,7.9459,47.9647,0.0,0.0,1.5714
1608,87.5,3.8523,48.1163,0.0,0.0,1.7143
1609,65.6863,8.3021,47.8795,0.0,0.0,1.5882
1610,76.0417,10.1065,46.9124,13.0435,0.1875,1.25
1611,43.3333,21.5225,46.8512,3.8462,0.0667,1.6667
1612,74.9123,9.4108,46.7145,0.0,0.0,1.8421
1613,74.5833,9.6884,47.6353,3.0303,0.05,1.6
1614,78.5714,7.2733,48.5895,0.0,0.0,1.4286
1615,57.0175,18.2012,47.7326,13.5135,0.2632,1.6842
1616,64.7059,9.3563,47.9882,0.0,0.0,1.7647
1617,75.0,10.8078,47.545,0.0,0.0,1.0833
1618,58.8235,14.6335,47.0909,3.5714,0.0588,1.5882
1619,48.4848,14.7425,47.2103,0.0,0.0,1.5455
1620,78.5714,6.2491,48.1426,5.5556,0.0714,1.2143
1621,64.4445,11.3455,47.839,0.0,0.0,1.3333
1622,61.3636,12.6685,48.5583,0.0,0.0,1.5
1623,76.1458,9.8439,48.6245,0.0,0.0,2.0
1624,71.875,6.3739,49.0159,0.0,0.0,1.625
1625,80.3571,6.5464,48.7684,0.0,0.0,1.5
1626,72.549,10.2331,48.4687,0.0,0.0,1.3529
1627,66.1765,13.0173,47.2658,11.1111,0.1765,1.4118
1628,75.0,10.9953,46.6795,6.6667,0.1,1.4
1629,70.0833,7.7184,46.4123,2.5641,0.05,1.9
1630,82.8704,5.8497,47.0208,0.0,0.0,1.7778
1631,70.098,8.7457,48.1147,0.0,0.0,1.8824
1632,82.2917,6.752,47.772,4.0,0.0625,1.5
1633,70.3125,10.4882,47.9391,0.0,0.0,1.625
1634,82.2917,5.9442,48.0731,3.8462,0.0625,1.5625
1635,62.2807,12.8062,47.5624,0.0,0.0,1.5263
1636,79.4118,7.6646,47.5731,4.3478,0.0588,1.2941
1637,57.6923,11.6003,47.4415,0.0,0.0,1.2308
1638,75.0,7.9175,47.8155,0.0,0.0,1.5385
1639,81.0606,3.9063,47.9939,0.0,0.0,2.0
1640,70.0,10.4198,48.4142,5.0,0.0667,1.2667
1641,85.6061,5.777,48.6483,0.0,0.0,1.6364
1642,62.5,11.1873,48.6679,0.0,0.0,1.4167
1643,66.6667,11.6794,48.3808,11.1111,0.1538,1.2308
1644,90.7143,3.9311,48.5537,0.0,0.0,2.0
1645,81.9445,7.257,47.9364,5.2632,0.0833,1.5
1646,64.7059,11.5724,47.59,3.8462,0.0588,1.4706
1647,50.0,16.0932,47.7662,3.3333,0.0588,1.7059
1648,68.718,11.0756,46.4596,9.5238,0.1538,1.4615
1649,69.7917,9.4632,47.2654,3.7037,0.0625,1.625
1650,80.0,8.872,47.0919,8.0,0.1333,1.5333
1651,95.8333,2.8581,47.288,0.0,0.0,1.5
1652,66.6667,11.2914,48.0381,4.3478,0.0667,1.4667
1653,65.614,11.8926,47.5115,2.9412,0.0526,1.7368
1654,78.3333,7.1837,47.696,3.2258,0.05,1.5
1655,64.5833,10.4407,47.9251,0.0,0.0,1.8125
1656,61.4035,12.1202,47.9669,3.2258,0.0526,1.5789
1657,60.7843,14.2096,48.0814,3.3333,0.0588,1.7059
1658,70.3125,12.0798,47.848,0.0,0.0,1.5625
1659,57.7778,15.1885,47.3592,5.2632,0.0667,1.2
1660,67.8571,11.2149,47.512,12.0,0.2143,1.5714
1661,61.9048,13.4792,47.5349,5.0,0.0714,1.3571
1662,60.0,13.719,47.1386,10.5263,0.1333,1.1333
1663,54.4118,14.7032,46.6341,8.0,0.1176,1.3529
1664,68.6508,8.8859,47.7144,0.0,0.0,1.6667
1665,67.7778,11.5461,47.8164,0.0,0.0,1.9333
1666,84.375,7.4601,48.3889,0.0,0.0,1.5
1667,63.3333,11.168,47.9701,13.6364,0.2,1.2667
1668,68.4211,13.2378,47.7444,4.1667,0.0526,1.2105
1669,58.9286,13.9568,46.869,8.0,0.1429,1.6429
1670,76.2821,7.5728,47.0744,0.0,0.0,1.7692
1671,67.4074,12.0363,47.8118,0.0,0.0,1.7222
1672,76.25,10.0409,47.4255,9.5238,0.2,1.9
1673,39.2857,21.728,46.8861,8.0,0.1429,1.6429
1674,71.6667,11.081,46.8471,0.0,0.0,1.6
1675,70.8333,6.9468,47.0806,8.6957,0.1667,1.75
1676,86.8421,4.8257,47.765,0.0,0.0,1.4211
1677,67.5926,12.2019,47.7585,3.7037,0.0556,1.4444
1678,69.7917,10.7135,46.99,12.0,0.1875,1.375
1679,73.3333,11.4576,47.1849,5.2632,0.0667,1.2
1680,70.0,12.8437,46.7413,0.0,0.0,1.5
1681,84.5238,6.7394,46.5894,0.0,0.0,1.7857
1682,62.1212,10.5683,47.5003,0.0,0.0,1.6364
1683,67.5,12.2214,47.1994,13.3333,0.2,1.3
1684,60.2564,9.8683,47.6731,5.5556,0.0769,1.3077
1685,74.0,8.9157,47.6426,0.0,0.0,1.9333
1686,88.4615,4.221,47.5671,5.5556,0.0769,1.3077
1687,70.8333,9.2341,47.2075,5.0,0.0833,1.5833
1688,81.3726,6.5549,47.102,0.0,0.0,1.6471
1689,87.963,5.4716,47.4422,0.0,0.0,1.5
1690,96.1905,6.7098,47.4676,4.0,0.0714,1.7143
1691,64.5833,13.4937,46.233,9.6774,0.1875,1.75
1692,54.4445,14.9405,46.3599,5.0,0.0667,1.2667
1693,70.3704,10.4778,45.9132,8.0,0.1111,1.2778
1694,47.6191,14.7944,46.5658,3.8462,0.0714,1.7857
1695,74.8333,8.9001,46.8153,2.8571,0.05,1.7
1696,57.8947,14.2894,47.4925,0.0,0.0,1.3158
1697,63.3333,11.8881,47.8406,0.0,0.0,1.6667
1698,75.3968,9.4078,47.9223,0.0,0.0,1.8095
1699,67.6471,12.983,48.3571,0.0,0.0,1.5294
1700,62.2222,10.2668,48.2032,0.0,0.0,1.3333
1701,73.8095,9.4679,47.9505,4.0,0.0714,1.7143
1702,76.1905,7.9822,47.8142,0.0,0.0,1.4286
1703,87.5,5.6679,47.7887,5.8824,0.0833,1.3333
1704,60.7843,10.6101,46.6012,8.6957,0.1176,1.2353
1705,78.9474,7.0701,46.2082,6.25,0.1053,1.5789
1706,70.8333,11.1929,46.3376,5.8824,0.1,1.6
1707,68.75,10.2082,46.8551,3.8462,0.0625,1.5625
1708,73.8095,8.4453,48.1819,0.0,0.0,1.6429
1709,56.6667,13.7149,47.1529,9.5238,0.1333,1.2667
1710,82.5397,6.5018,46.4992,3.2258,0.0476,1.4286
1711,60.0,14.2075,45.712,12.5,0.2,1.4
1712,91.1458,4.2921,45.5573,0.0,0.0,1.9375
1713,57.6471,10.8692,46.5066,0.0,0.0,1.6471
1714,64.0625,10.6415,47.6778,0.0,0.0,2.25
1715,73.2143,9.8622,47.8083,3.8462,0.0714,1.7857
1716,83.3333,5.3943,47.6306,0.0,0.0,1.55
1717,75.6945,7.6702,47.3284,0.0,0.0,1.6667
1718,68.75,12.8012,46.9335,3.3333,0.05,1.45
1719,54.1667,14.9329,45.8711,7.4074,0.1,1.25
1720,66.6667,11.0653,45.4774,7.6923,0.125,1.5
1721,87.5,7.1169,45.2856,6.25,0.0833,1.25
1722,85.6061,6.5157,45.4694,4.7619,0.0909,1.8182
1723,64.7059,9.9236,46.1924,4.0,0.0588,1.4118
1724,77.2727,9.6681,47.3079,5.2632,0.0909,1.6364
1725,70.0,10.4711,47.2255,0.0,0.0,1.2
1726,73.0769,10.6475,46.59,9.5238,0.1538,1.4615
1727,80.6667,7.2929,47.6506,3.7037,0.0667,1.7333
1728,80.7692,6.9329,47.6552,0.0,0.0,1.6154
1729,94.0476,4.1901,47.7273,0.0,0.0,1.5
1730,87.5,6.1661,47.5183,15.625,0.2778,1.5
1731,72.5,8.433,47.016,3.8462,0.0625,1.5625
1732,66.6667,10.7046,46.9349,0.0,0.0,1.5625
1733,78.3333,7.5005,47.6172,3.7037,0.0667,1.7333
1734,68.75,8.7491,48.3839,0.0,0.0,1.5
1735,71.2963,9.0818,48.7738,0.0,0.0,1.3333
1736,65.4762,9.9095,48.5164,0.0,0.0,1.9286
1737,78.9474,9.4418,47.8019,3.125,0.0526,1.6316
1738,81.5789,7.0044,47.655,0.0,0.0,1.4737
1739,50.0,19.6897,46.8239,9.0909,0.1429,1.4286
1740,57.9365,10.1445,46.6737,5.1282,0.0952,1.7619
1741,58.8235,13.7901,45.4946,15.1515,0.2941,1.6471
1742,62.5,14.3142,45.6482,20.0,0.25,1.0
1743,66.6667,10.7743,45.2401,3.2258,0.0556,1.6667
1744,65.1515,9.7487,45.4453,5.8824,0.0909,1.4545
1745,71.1111,12.7807,45.893,16.6667,0.2667,1.3333
1746,86.1111,6.4055,47.0937,8.0,0.1333,1.5333
1747,57.9545,13.8058,47.2819,2.9412,0.0455,1.5
1748,55.098,14.4187,47.4417,6.25,0.1176,1.7647
1749,75.5208,9.894,46.5144,10.3448,0.1875,1.625
1750,79.4872,7.1024,46.6046,5.8824,0.0769,1.2308
1751,79.4118,10.0888,46.3322,0.0,0.0,1.4118
1752,71.2963,10.3116,46.905,0.0,0.0,1.3333
1753,46.6667,15.6651,46.3931,12.5,0.2,1.4
1754,70.7843,10.8821,47.1152,0.0,0.0,2.0588
1755,51.8519,15.7354,46.8948,0.0,0.0,1.7778
1756,84.375,7.4079,47.9547,0.0,0.0,2.125
1757,66.6667,10.4108,47.739,4.3478,0.0714,1.5714
1758,68.2292,11.0879,46.1669,12.0,0.1875,1.375
1759,77.9412,6.0941,46.584,3.8462,0.0588,1.4706
1760,57.8431,15.4534,45.6174,7.4074,0.1176,1.4706
1761,81.5789,5.9828,46.0887,3.7037,0.0526,1.3684
1762,75.0,7.3614,46.998,0.0,0.0,1.4167
1763,65.3846,11.5465,47.5705,0.0,0.0,1.4615
1764,68.3333,13.5742,47.7817,5.0,0.1,1.9
1765,57.1429,15.5613,48.1403,5.5556,0.0714,1.2143
1766,44.4444,14.1414,48.0662,0.0,0.0,1.5
1767,65.1515,12.6227,48.066,0.0,0.0,1.3636
1768,64.4445,11.2639,48.036,4.7619,0.0667,1.3333
1769,72.1429,9.7751,47.8759,0.0,0.0,1.9286
1770,78.2051,8.3318,47.9827,5.0,0.0769,1.4615
1771,70.5882,7.3302,47.9199,0.0,0.0,1.5294
1772,79.902,6.8401,47.7192,3.3333,0.0588,1.7059
1773,77.3333,7.7521,47.4917,0.0,0.0,1.4667
1774,78.125,8.1376,47.4173,6.6667,0.125,1.75
1775,57.6923,12.0097,47.1564,8.6957,0.1538,1.6154
1776,68.75,10.3977,47.0512,0.0,0.0,1.375
1777,97.7778,2.1659,47.7106,0.0,0.0,1.4
1778,71.2963,7.7294,47.1247,3.0303,0.0556,1.7778
1779,86.1111,5.0639,47.5026,6.8966,0.1111,1.5
1780,59.2593,13.1678,46.6456,6.8966,0.1111,1.5
1781,66.6667,12.2749,46.8328,0.0,0.0,1.5556
1782,72.9167,9.3503,46.8378,6.8966,0.125,1.6875
1783,73.9583,6.942,47.5015,0.0,0.0,1.9375
1784,84.4445,6.4206,48.3275,0.0,0.0,1.4
1785,78.5714,6.6544,47.6512,0.0,0.0,1.7143
1786,80.9524,3.9699,47.8707,4.5455,0.0714,1.5
1787,78.125,9.8369,48.0407,8.6957,0.125,1.3125
1788,92.1875,2.1413,47.6932,0.0,0.0,1.8125
1789,81.1667,8.6682,48.5607,0.0,0.0,1.7
1790,63.5417,12.5021,48.2188,6.8966,0.125,1.6875
1791,62.7778,12.1568,48.1072,4.0,0.0667,1.6
1792,59.375,13.1906,47.9644,14.2857,0.1875,1.125
1793,76.3158,8.7547,47.0804,8.0,0.1053,1.2105
1794,72.9167,8.7269,47.2698,4.1667,0.0625,1.4375
1795,84.8485,4.63,47.702,0.0,0.0,2.0
1796,82.2222,6.8066,48.1401,3.7037,0.0667,1.7333
1797,57.0833,14.6183,48.3889,2.5641,0.05,1.9
1798,60.8974,16.5831,47.9273,4.1667,0.0769,1.7692
1799,81.4815,8.2179,48.108,0.0,0.0,1.6111
1800,93.0556,4.3046,48.275,0.0,0.0,1.9167
1801,62.5,12.1225,47.7385,7.6923,0.1,1.2
1802,79.902,7.8438,48.1419,0.0,0.0,1.7059
1803,79.4118,8.6575,47.7865,3.8462,0.0588,1.4706
1804,75.0,7.2275,47.2104,10.5263,0.1429,1.2143
1805,83.3333,6.3065,47.2055,0.0,0.0,1.4
1806,76.9231,7.7843,47.9421,0.0,0.0,1.8462
1807,72.6191,10.4677,47.2962,10.0,0.1429,1.2857
1808,80.0,8.0146,46.5978,15.3846,0.2,1.1
1809,80.7692,6.8277,47.0835,0.0,0.0,1.4615
1810,72.1875,8.3827,47.0458,0.0,0.0,1.8125
1811,57.6923,13.3756,46.8985,0.0,0.0,1.3077
1812,64.1026,10.838,47.4704,5.0,0.0769,1.4615
1813,75.9804,5.1077,48.5262,0.0,0.0,1.7059
1814,78.8889,7.9837,48.5359,7.1429,0.1333,1.7333
1815,74.7778,9.1574,48.2513,3.5714,0.0667,1.8
1816,71.7778,9.3173,48.419,3.4483,0.0667,1.8667
1817,75.0,6.5094,48.12,0.0,0.0,1.3571
1818,86.4583,4.9228,48.3735,0.0,0.0,1.3125
1819,52.9762,15.8815,47.5431,4.3478,0.0714,1.5714
1820,66.2281,9.7337,47.3413,0.0,0.0,1.6842
1821,70.8333,11.5531,47.0709,3.7037,0.05,1.3
1822,67.7083,10.8919,46.0615,7.4074,0.125,1.5625
1823,68.6508,12.224,46.6653,7.5,0.1429,1.7619
1824,54.7619,14.3656,46.3654,4.1667,0.0714,1.6429
1825,62.7451,12.6703,45.9606,4.0,0.0588,1.4118
1826,77.7381,8.333,45.6718,10.3448,0.2143,1.8571
1827,77.7778,7.9191,44.7113,13.6364,0.2,1.2667
1828,76.7857,10.177,45.5706,4.7619,0.0714,1.4286
1829,55.3922,16.8831,44.9464,14.2857,0.2353,1.4118
1830,74.537,7.9522,45.427,3.0303,0.0556,1.7778
1831,76.8421,7.6126,45.9116,8.8235,0.1579,1.6316
1832,73.5294,9.924,46.3231,3.7037,0.0588,1.5294
1833,86.5385,5.6865,47.4297,0.0,0.0,1.6923
1834,58.3333,15.6536,46.1983,12.5,0.1667,1.1667
1835,65.7895,10.7434,46.6966,3.4483,0.0526,1.4737
1836,68.1818,12.6514,46.5341,10.5263,0.1818,1.5455
1837,80.3571,6.6258,46.177,3.5714,0.0714,1.9286
1838,69.6078,8.7833,47.6182,0.0,0.0,1.6471
1839,63.2353,15.2453,47.4165,3.0303,0.0588,1.8824
1840,66.6667,12.699,47.413,4.1667,0.0714,1.6429
1841,72.2222,6.5382,46.6336,3.4483,0.0556,1.5556
1842,63.8889,13.8032,46.4295,4.7619,0.0833,1.6667
1843,70.1754,10.2117,46.3807,7.1429,0.1053,1.3684
1844,68.3333,10.9344,47.1107,0.0,0.0,1.35
1845,48.5294,13.4685,46.4175,11.1111,0.1765,1.4118
1846,75.0,10.8736,46.5778,6.25,0.0833,1.25
1847,50.0,16.0496,46.8114,0.0,0.0,1.6
1848,81.1111,6.4184,47.2578,4.3478,0.0667,1.4667
1849,73.6111,9.9302,47.0442,10.5263,0.1667,1.4167
1850,66.6667,10.7771,46.5205,14.2857,0.1667,1.0
1851,67.9487,12.1142,47.3488,0.0,0.0,1.6154
1852,60.3333,14.7881,47.279,0.0,0.0,1.7333
1853,73.6111,9.6006,47.2171,0.0,0.0,1.5833
1854,81.25,4.7173,48.1712,0.0,0.0,1.4375
1855,78.2407,8.4559,48.7344,0.0,0.0,1.7222
1856,59.0476,10.193,48.1436,3.8462,0.0714,1.7857
1857,68.1373,9.8018,47.7748,3.7037,0.0588,1.5294
1858,65.3333,14.3584,47.1304,3.7037,0.0667,1.7333
1859,61.1111,11.3306,46.8358,9.5238,0.1333,1.2667
1860,77.7778,9.0853,46.9965,4.3478,0.0556,1.2222
1861,85.8974,6.2031,47.0617,0.0,0.0,1.7692
1862,72.3684,8.8433,47.577,0.0,0.0,1.6316
1863,78.5714,9.3337,48.6191,0.0,0.0,1.3333
1864,67.7778,8.8246,48.4153,4.5455,0.0667,1.4
1865,72.3684,8.5539,48.3421,0.0,0.0,1.8421
1866,73.6842,8.9353,47.9603,6.25,0.1053,1.5789
1867,70.8333,10.7447,47.4824,0.0,0.0,1.1667
1868,51.9608,16.4717,46.8039,11.1111,0.2353,1.8824
1869,71.7949,9.9659,47.3367,0.0,0.0,1.4615
1870,76.1111,8.5418,46.9551,3.7037,0.0667,1.7333
1871,75.0,11.0633,47.0847,3.7037,0.0625,1.625
1872,67.9167,9.7284,47.719,0.0,0.0,1.6
1873,80.3922,7.4204,48.0206,0.0,0.0,1.8235
1874,71.1111,11.162,47.5234,16.129,0.2778,1.4444
1875,75.0,11.1495,47.7155,0.0,0.0,1.2143
1876,72.2222,10.293,47.6004,4.1667,0.0556,1.2778
1877,63.7255,14.1676,47.4137,3.7037,0.0588,1.5294
1878,72.2222,10.3595,47.7801,0.0,0.0,1.5556
1879,66.6667,11.085,48.2445,0.0,0.0,2.0588
1880,77.7778,7.7659,48.1511,3.2258,0.0556,1.6667
1881,55.7292,11.7233,48.0978,3.2258,0.0625,1.875
1882,77.2222,9.2611,47.6774,7.6923,0.1333,1.6
1883,52.7778,13.5302,46.9619,9.0909,0.1667,1.6667
1884,73.5294,11.3376,47.2479,3.7037,0.0588,1.5294
1885,52.0833,16.4276,46.781,4.0,0.0625,1.5
1886,75.0,5.8473,46.9553,0.0,0.0,1.35
1887,54.4445,15.6517,46.937,9.0909,0.1333,1.3333
1888,80.7692,5.9655,47.3402,0.0,0.0,1.3077
1889,61.6667,11.908,47.4185,0.0,0.0,1.7
1890,70.0,9.2425,47.0983,9.5238,0.1333,1.2667
1891,87.5,6.5894,47.2393,0.0,0.0,1.4167
1892,75.0,9.7744,46.7956,10.0,0.1429,1.2857
1893,70.0,10.3952,46.9025,4.5455,0.0667,1.4
1894,61.0714,14.2098,46.499,4.0,0.0714,1.7143
1895,72.2222,7.9535,47.1456,0.0,0.0,1.5833
1896,77.451,6.4511,47.8907,3.7037,0.0588,1.5294
1897,50.0,16.3828,47.4776,0.0,0.0,1.875
1898,85.4545,6.4804,47.6167,0.0,0.0,1.6364
1899,84.8039,5.8029,47.3391,0.0,0.0,1.8235
1900,75.0,9.0342,47.3765,4.1667,0.0667,1.5333
1901,55.2083,13.346,47.0938,8.6957,0.125,1.3125
1902,63.5417,14.1126,46.5221,13.0435,0.1875,1.25
1903,79.6296,7.0089,46.8664,0.0,0.0,1.6667
1904,92.1053,5.6202,47.826,0.0,0.0,1.4737
1905,66.6667,11.6161,47.6265,0.0,0.0,1.5
1906,75.7407,9.6489,47.1223,7.1429,0.1111,1.4444
1907,82.8431,6.1503,46.0839,6.4516,0.1176,1.7059
1908,86.4583,6.0669,46.0298,3.7037,0.0625,1.625
1909,61.25,15.1658,46.4137,8.3333,0.125,1.375
1910,79.4445,7.9143,46.9346,3.7037,0.0667,1.7333
1911,60.0,17.5039,47.2799,4.0,0.0667,1.6
1912,72.2222,8.3787,47.437,3.8462,0.0556,1.3889
1913,60.2941,12.6414,47.043,9.6774,0.1765,1.6471
1914,78.75,7.3386,46.9934,2.9412,0.05,1.65
1915,73.9583,10.266,46.0549,6.4516,0.125,1.8125
1916,56.875,14.5123,45.9364,3.7037,0.0625,1.625
1917,67.6471,10.6172,46.5709,4.7619,0.0588,1.1765
1918,68.4211,9.5065,46.5942,7.6923,0.1053,1.2632
1919,70.5128,8.145,47.6213,0.0,0.0,1.6923
1920,86.3636,5.1463,48.3939,0.0,0.0,2.0
1921,51.1111,13.2887,48.9424,0.0,0.0,1.8
1922,76.7544,6.4027,49.426,0.0,0.0,2.0
1923,73.8095,7.3803,48.4417,4.1667,0.0714,1.6429
1924,65.7895,11.8638,48.1786,0.0,0.0,1.7368
1925,54.1667,17.9325,47.1252,15.7895,0.25,1.3333
1926,64.8148,13.5503,46.5704,0.0,0.0,1.5
1927,79.1667,8.2987,47.0038,8.6957,0.125,1.3125
1928,78.7037,7.2036,47.1932,0.0,0.0,1.5
1929,73.3333,10.0777,46.9548,10.0,0.1333,1.2
1930,90.0,5.0953,47.1091,0.0,0.0,1.2
1931,83.3333,5.8809,47.4345,0.0,0.0,1.6154
1932,70.0,7.579,47.3652,4.5455,0.0667,1.4
1933,43.1818,16.4028,46.497,17.6471,0.2727,1.2727
1934,63.0952,12.7907,46.5712,10.0,0.1429,1.2857
1935,76.5625,8.0138,46.5753,0.0,0.0,1.8125
1936,73.0769,12.7625,46.5778,5.8824,0.0769,1.2308
1937,72.2222,12.0941,46.0285,10.0,0.1667,1.5
1938,79.902,9.2231,47.3149,0.0,0.0,1.6471
1939,77.1111,8.8347,46.8037,12.9032,0.2667,1.8
1940,62.5641,9.6027,47.2773,0.0,0.0,1.9231
1941,67.7083,8.1756,46.9641,3.7037,0.0625,1.625
1942,88.5417,6.752,47.079,0.0,0.0,1.375
1943,64.5833,13.7528,47.5654,4.7619,0.0625,1.25
1944,56.6667,11.3093,47.308,0.0,0.0,1.7333
1945,55.2632,13.4462,47.7071,3.2258,0.0526,1.5789
1946,77.7778,8.5186,47.4487,0.0,0.0,1.3333
1947,83.3333,7.0799,48.0805,4.1667,0.0667,1.5333
1948,70.0833,11.3212,48.1319,2.7027,0.05,1.8
1949,68.2292,7.5917,47.3217,11.1111,0.1875,1.5
1950,69.0476,10.18,47.0245,5.2632,0.0714,1.2857
1951,85.4167,8.8533,46.8804,6.25,0.125,1.875
1952,59.8039,10.8788,47.1843,4.0,0.0588,1.4118
1953,65.4762,13.8588,46.6739,16.0,0.2857,1.5
1954,60.0877,12.811,47.5496,3.5714,0.0526,1.4211
1955,85.0,5.6829,46.9851,0.0,0.0,1.8
1956,88.8889,4.3811,48.0611,0.0,0.0,1.8333
1957,72.2222,10.1513,48.1669,6.6667,0.1111,1.5556
1958,57.7778,13.957,46.7911,17.8571,0.3333,1.5333
1959,60.5263,11.0373,47.0696,4.1667,0.0526,1.2105
1960,70.3704,8.5185,46.8432,0.0,0.0,1.6111
1961,53.3333,15.9793,46.4674,12.5,0.2,1.4
1962,75.0,8.2597,46.9924,0.0,0.0,2.0
1963,65.625,11.2376,47.3308,0.0,0.0,1.6875
1964,86.4583,4.157,47.5756,0.0,0.0,1.875
1965,81.6667,7.3132,48.7997,0.0,0.0,1.5333
1966,92.1569,2.9499,49.0909,0.0,0.0,1.6471
1967,76.1905,8.6914,48.3513,13.0435,0.2143,1.4286
1968,59.375,14.902,47.83,0.0,0.0,1.5625
1969,84.2105,6.2362,47.5537,0.0,0.0,1.3158
1970,71.1111,11.1978,47.5068,4.1667,0.0667,1.5333
1971,73.0769,11.2469,47.3632,5.8824,0.0769,1.2308
1972,61.6667,10.9438,47.5798,0.0,0.0,1.4
1973,59.5238,12.6447,47.7793,0.0,0.0,1.6429
1974,53.8462,13.3317,47.7184,0.0,0.0,1.3846
1975,86.6667,5.2371,47.5657,0.0,0.0,1.2667
1976,46.1538,16.3725,47.5669,5.0,0.0769,1.4615
1977,69.6429,10.4227,48.2696,4.0,0.0714,1.7143
1978,58.9744,15.6473,47.0139,10.0,0.1538,1.3846
1979,82.1429,3.5282,47.4466,0.0,0.0,1.5714
1980,67.4074,8.7347,46.9308,3.0303,0.0556,1.7778
1981,77.0833,8.3287,46.8891,0.0,0.0,2.1667
1982,63.3333,12.8134,47.7713,0.0,0.0,1.5333
1983,57.7778,13.5802,47.6314,0.0,0.0,1.7333
1984,70.8333,10.2138,47.1219,15.3846,0.25,1.375
1985,62.963,12.4559,47.0481,4.1667,0.0556,1.2778
1986,73.8095,8.9249,47.4299,3.8462,0.0714,1.7857
1987,82.4561,5.7469,47.5577,3.2258,0.0526,1.5789
1988,76.4706,9.4797,47.9545,8.3333,0.1176,1.2941
1989,86.9048,3.8621,48.1364,0.0,0.0,1.5
1990,69.8246,10.93,48.4174,5.4054,0.1053,1.8421
1991,60.0,13.3355,48.755,0.0,0.0,1.6
1992,89.2857,5.2489,48.5347,5.2632,0.0714,1.2857
1993,87.3529,6.6292,48.5753,0.0,0.0,2.0
1994,58.3333,14.8305,48.4199,0.0,0.0,1.5
1995,57.7778,12.9799,48.4506,0.0,0.0,1.8667
1996,77.9412,7.234,48.8264,0.0,0.0,1.5294
1997,63.5417,13.7185,48.9291,0.0,0.0,1.5
1998,57.8704,14.1101,48.3638,9.0909,0.1667,1.6667
1999,85.1852,6.5195,48.3469,0.0,0.0,1.8889
2000,66.6667,10.6507,48.4671,0.0,0.0,1.3125
2001,83.3333,6.3955,48.7745,3.8462,0.0526,1.3158
2002,77.0833,7.3631,47.8673,3.7037,0.0625,1.625
2003,69.697,9.9306,47.064,11.7647,0.1818,1.3636
2004,64.5833,10.8202,47.6551,2.8571,0.0625,2.125
2005,84.375,1.9604,47.5195,0.0,0.0,1.6875
2006,84.8958,5.0729,47.7017,3.5714,0.0625,1.6875
2007,61.9792,13.5864,48.7401,8.0,0.125,1.4375
2008,82.1429,8.0705,48.565,0.0,0.0,1.5
2009,75.0,8.3156,48.1189,3.3333,0.0556,1.6111
2010,85.7143,5.4015,48.3032,0.0,0.0,1.5714
2011,85.2941,6.5847,48.2631,0.0,0.0,1.2941
2012,55.9524,11.4487,47.9648,4.3478,0.0714,1.5714
2013,50.0,16.7497,47.9062,0.0,0.0,1.2308
2014,48.3333,14.0533,48.0387,0.0,0.0,1.6
2015,69.2308,10.0214,48.1005,0.0,0.0,1.5385
2016,79.1667,4.6879,47.9215,5.8824,0.0833,1.3333
2017,62.5,11.5434,47.267,9.0909,0.125,1.25
2018,59.5238,12.1661,47.341,0.0,0.0,1.5
2019,88.4615,4.8924,47.6583,0.0,0.0,1.8462
2020,66.6667,11.3159,47.3485,9.5238,0.1538,1.4615
2021,76.4706,8.3405,48.1749,3.5714,0.0588,1.5882
2022,66.6667,11.8954,48.6461,3.0303,0.0625,2.0
2023,54.5455,16.7573,48.0316,10.5263,0.1818,1.5455
2024,83.3333,3.6364,48.7205,0.0,0.0,1.6875
2025,65.5556,10.0221,48.2272,4.0,0.0667,1.6
2026,55.5556,12.5688,47.3458,15.3846,0.2222,1.2222
2027,77.9412,8.8277,46.9744,11.1111,0.1765,1.4118
2028,55.0926,15.6921,46.4528,3.2258,0.0556,1.6667
2029,59.2593,13.4322,46.1198,3.5714,0.0556,1.5
2030,54.902,14.9249,45.0423,11.5385,0.1765,1.3529
2031,47.8947,16.8552,45.1937,3.8462,0.0526,1.3158
2032,79.6875,8.8504,46.21,0.0,0.0,2.0
2033,71.4286,7.8296,46.893,0.0,0.0,1.6429
2034,64.2222,9.6184,48.8437,0.0,0.0,1.6
2035,75.5556,7.746,48.8787,3.5714,0.0667,1.8
2036,65.1961,12.8537,47.6928,10.0,0.1765,1.5882
2037,80.2632,7.5365,47.4822,7.6923,0.1053,1.2632
2038,66.6667,12.4307,47.8383,0.0,0.0,1.8
2039,72.3684,8.9107,47.7308,0.0,0.0,1.5789
2040,78.125,8.9605,48.6447,0.0,0.0,1.6875
2041,62.2917,12.3798,48.3841,3.4483,0.0625,1.75
2042,61.7647,12.7127,47.399,11.5385,0.1765,1.3529
2043,57.8947,13.5688,46.5688,10.3448,0.1579,1.3684
2044,56.6667,13.8986,46.7241,8.6957,0.1333,1.4
2045,70.0,10.5229,46.0745,7.1429,0.1333,1.7333
2046,70.2381,10.0644,46.7048,3.7037,0.0714,1.8571
2047,66.1765,10.0772,47.2653,6.25,0.1176,1.7647
2048,71.7949,11.2489,47.0735,9.0909,0.1538,1.5385
2049,57.0833,15.0362,46.0892,6.25,0.1,1.5
2050,75.641,8.0751,46.521,0.0,0.0,1.6154
2051,76.3158,10.3814,46.48,6.8966,0.1053,1.4211
2052,80.9524,5.9484,47.1014,0.0,0.0,1.5
2053,67.9487,9.8904,46.9593,0.0,0.0,1.6154
2054,73.3333,7.0819,47.4491,4.7619,0.0667,1.3333
2055,77.2727,14.0349,46.3691,30.7692,0.3636,0.8182
2056,75.0,8.9973,46.4413,0.0,0.0,1.6667
2057,57.1429,15.2345,46.67,4.5455,0.0714,1.5
2058,45.2381,18.2177,45.7062,23.8095,0.3571,1.1429
2059,70.0,8.4273,45.8487,4.7619,0.0667,1.3333
2060,67.8571,10.6053,46.5715,7.6923,0.1429,1.7143
2061,78.2051,9.365,46.5959,0.0,0.0,1.4615
2062,62.8205,14.0625,45.9734,9.0909,0.1538,1.5385
2063,46.1111,16.8837,46.4166,6.4516,0.1111,1.6111
2064,77.5556,8.1909,46.4222,0.0,0.0,1.8667
2065,76.3889,8.637,46.2788,4.3478,0.0833,1.8333
2066,62.963,13.9002,46.2362,11.5385,0.1667,1.2778
2067,82.3529,8.1546,46.7222,4.1667,0.0588,1.3529
2068,80.3922,5.9028,46.5743,0.0,0.0,1.3529
2069,68.2292,10.5214,46.7923,3.7037,0.0625,1.625
2070,71.25,10.5453,47.5505,11.4286,0.2,1.55
2071,80.3922,7.0662,47.1802,7.4074,0.1176,1.4706
2072,54.386,14.0783,45.9022,12.9032,0.2105,1.4211
2073,88.5965,5.9666,46.0767,0.0,0.0,1.6842
2074,66.6667,13.5661,45.4783,11.5385,0.2143,1.6429
2075,64.8148,13.7204,43.869,28.0,0.3889,1.0
2076,75.7143,6.6781,44.3608,3.4483,0.0714,2.0
2077,79.1667,6.2761,44.574,0.0,0.0,1.4375
2078,66.2745,12.7537,45.5367,12.5,0.2353,1.6471
2079,90.0,5.1758,47.8283,0.0,0.0,1.45
2080,46.4286,18.846,47.593,7.6923,0.1429,1.7143
2081,93.5185,3.2149,48.7792,0.0,0.0,1.6667
2082,50.0,15.931,48.198,4.0,0.0556,1.3333
2083,60.0,11.8242,48.1248,3.7037,0.0625,1.625
2084,62.5,11.9383,46.8852,17.8571,0.25,1.15
2085,75.0,9.0333,47.095,3.2258,0.0556,1.6667
2086,59.7222,14.2973,46.9439,6.25,0.0833,1.25
2087,52.3148,15.1794,46.4817,9.0909,0.1667,1.6667
2088,65.3333,13.3754,47.0787,4.1667,0.0667,1.5333
2089,65.1042,12.8095,46.7138,3.3333,0.0625,1.8125
2090,56.1111,14.9522,47.301,8.6957,0.1333,1.4
2091,72.0588,8.9347,47.2205,10.7143,0.1765,1.4706
2092,73.3333,8.3627,47.3688,4.1667,0.0667,1.5333
2093,67.7778,9.6504,46.9588,0.0,0.0,1.5333
2094,73.1481,11.3032,47.6384,8.0,0.1111,1.2778
2095,66.6667,11.3306,47.5406,4.7619,0.0667,1.3333
2096,66.6667,12.2621,47.0924,5.5556,0.0833,1.4167
2097,100.0,1.4428,47.1213,0.0,0.0,1.4444
2098,74.2424,8.4878,48.0338,0.0,0.0,1.8182
2099,78.2051,12.3775,47.7892,10.0,0.1538,1.3846
2100,72.2222,10.3996,47.7328,4.1667,0.0556,1.2778
2101,62.8205,13.2246,48.0295,0.0,0.0,1.3846
2102,72.2222,9.7674,48.0384,4.5455,0.0833,1.75
2103,75.0,9.3748,47.752,5.2632,0.0714,1.2857
2104,65.4762,8.7717,48.4645,4.1667,0.0714,1.6429
2105,73.3333,7.6058,48.2816,3.0303,0.0556,1.7778
2106,73.8462,9.6739,48.0368,3.7037,0.0769,2.0
2107,70.0,10.0794,47.9477,0.0,0.0,1.4667
2108,57.7778,13.2735,48.11,0.0,0.0,1.5333
2109,74.5614,10.1258,47.8349,3.7037,0.0526,1.3684
2110,75.0,7.9062,48.15,0.0,0.0,1.3333
2111,79.4445,9.6932,47.8318,3.7037,0.0667,1.7333
2112,65.8333,11.6847,46.8053,0.0,0.0,1.6
2113,69.1176,12.7784,47.2002,7.4074,0.1176,1.4706
2114,50.9804,11.5508,47.1567,4.0,0.0588,1.4118
2115,68.75,9.775,48.4263,0.0,0.0,1.6875
2116,69.2982,10.4127,48.583,6.6667,0.1053,1.4737
2117,78.8889,8.1636,48.1975,8.3333,0.1333,1.4667
2118,70.8333,10.4145,47.2528,3.3333,0.0714,2.0714
2119,81.25,6.7069,46.8376,3.7037,0.0625,1.625
2120,75.098,9.7809,46.6534,6.4516,0.1176,1.7059
2121,52.451,15.228,47.0957,3.7037,0.0588,1.5294
2122,62.2222,15.2202,46.7783,4.3478,0.0667,1.4667
2123,72.2222,8.2867,47.4567,0.0,0.0,1.6111
2124,87.7778,2.8989,48.3781,0.0,0.0,1.5
2125,56.25,14.9465,49.2821,4.5455,0.0625,1.3125
2126,62.2807,8.9834,49.6696,0.0,0.0,1.5789
2127,77.0833,8.4482,49.4505,3.8462,0.0625,1.5625
2128,57.7778,11.6758,48.74,10.0,0.1333,1.2
2129,78.4314,6.2209,47.8249,2.9412,0.0588,1.9412
2130,84.2593,5.8107,47.5092,3.7037,0.0556,1.4444
2131,76.6667,9.8144,47.342,6.8966,0.1333,1.8
2132,45.2381,14.8478,48.593,0.0,0.0,1.5
2133,70.0,11.7274,47.8148,13.0435,0.2,1.3333
2134,65.7895,10.3932,47.9224,0.0,0.0,1.6316
2135,71.4286,11.5544,48.103,0.0,0.0,1.6429
2136,74.0741,9.2895,47.5705,9.0909,0.1111,1.1111
2137,75.641,7.9477,47.3761,0.0,0.0,1.6154
2138,64.2857,17.1265,47.17,11.7647,0.1429,1.0714
2139,59.5238,15.8445,47.2749,0.0,0.0,1.8571
2140,51.3889,15.8311,45.9438,14.2857,0.25,1.5
2141,79.1667,8.5336,46.2678,0.0,0.0,1.4375
2142,62.5,10.5757,46.7404,0.0,0.0,1.375
2143,83.3333,4.5536,47.4997,0.0,0.0,1.4167
2144,73.718,10.336,47.233,4.1667,0.0769,1.7692
2145,86.1111,5.2249,48.1984,0.0,0.0,1.5
2146,60.6481,8.764,48.5872,3.125,0.0556,1.7222
2147,87.3333,4.3295,48.6014,0.0,0.0,2.0
2148,65.0,14.4726,49.0226,0.0,0.0,1.6667
2149,71.5686,9.4812,48.9816,3.7037,0.0588,1.5294
2150,69.0476,9.7888,49.0315,0.0,0.0,1.4286
2151,67.4603,10.0381,47.893,11.1111,0.1429,1.1429
2152,55.8824,11.5679,47.3075,7.6923,0.1176,1.4118
2153,60.6481,12.6991,47.5092,0.0,0.0,1.7222
2154,68.1373,12.5585,47.2657,9.6774,0.1765,1.6471
2155,65.7407,10.2068,48.0854,3.5714,0.0556,1.5
2156,72.0588,10.3607,47.8461,0.0,0.0,1.3529
2157,66.5625,11.223,48.0647,6.6667,0.125,1.75
2158,81.6667,9.0504,47.3297,6.25,0.1,1.5
2159,57.1429,14.7224,47.6194,0.0,0.0,1.5714
2160,62.1795,11.6158,47.7871,0.0,0.0,1.8462
2161,62.5926,14.5256,47.2912,5.5556,0.1111,1.8889
2162,74.5098,7.9343,47.5196,8.0,0.1176,1.3529
2163,65.5556,10.1987,47.4128,0.0,0.0,1.8
2164,72.3684,10.5283,47.2417,9.6774,0.1579,1.4737
2165,84.375,6.3582,48.1482,0.0,0.0,1.4375
2166,71.1111,10.5607,47.5697,7.1429,0.1111,1.4444
2167,73.6842,10.376,47.7596,3.3333,0.0526,1.5263
2168,82.8704,6.6824,47.5814,3.4483,0.0556,1.5556
2169,62.8205,12.4334,47.4785,0.0,0.0,1.3846
2170,68.6275,9.5074,48.2491,3.4483,0.0588,1.6471
2171,82.0,5.6438,48.3195,0.0,0.0,1.6
2172,67.6471,10.7236,48.1951,6.4516,0.1176,1.7059
2173,79.4872,7.2283,48.0407,0.0,0.0,1.6154
2174,52.451,14.7944,46.6808,6.6667,0.1176,1.6471
2175,45.5556,17.3779,46.2938,13.0435,0.2,1.3333
2176,90.3509,4.3359,46.3172,3.4483,0.0526,1.4737
2177,64.4445,10.4615,46.1749,13.6364,0.2,1.2667
2178,71.1111,10.7873,46.8198,5.0,0.0667,1.2667
2179,76.4706,10.3175,47.3722,8.6957,0.1176,1.2353
2180,70.0,11.8183,46.7413,18.1818,0.2,0.9
2181,61.1111,9.9339,47.0143,0.0,0.0,2.0
2182,65.3846,9.586,47.5281,0.0,0.0,1.6154
2183,76.6667,9.5238,47.0305,8.3333,0.1333,1.4667
2184,73.8095,10.6272,47.1775,5.0,0.0714,1.3571
2185,56.1111,12.8771,47.0879,16.6667,0.2667,1.3333
2186,76.3889,8.1135,47.1223,5.5556,0.0833,1.4167
2187,75.7576,5.2783,46.9145,0.0,0.0,1.6364
2188,72.037,9.0782,47.4433,6.0606,0.1111,1.7222
2189,59.6078,12.4851,47.2511,6.6667,0.1176,1.6471
2190,75.0,4.8934,47.448,0.0,0.0,1.9
2191,74.5098,9.0039,47.6235,0.0,0.0,1.4706
2192,67.7083,10.689,47.9645,0.0,0.0,1.375
2193,76.3158,6.9816,47.4703,7.4074,0.1053,1.3158
2194,81.9444,8.1168,47.4418,11.1111,0.1667,1.3333
2195,72.3684,9.3051,47.5585,0.0,0.0,1.7895
2196,69.2708,11.0426,47.091,3.7037,0.0625,1.625
2197,70.8333,9.3821,48.0465,3.125,0.05,1.55
2198,82.3529,7.8115,47.9006,3.8462,0.0588,1.4706
2199,83.8235,4.9297,48.0111,3.4483,0.0588,1.6471
2200,74.0741,9.4771,48.2569,0.0,0.0,1.3889
2201,62.8205,14.9579,48.5245,3.7037,0.0769,2.0
2202,68.75,9.4999,47.9964,4.3478,0.0625,1.375
2203,69.4118,10.6585,48.6236,2.9412,0.0588,1.9412
2204,66.2037,11.6149,48.7743,0.0,0.0,1.5
2205,63.0952,11.5505,48.4708,8.3333,0.1429,1.5714
2206,59.4737,12.1741,47.8961,6.25,0.1053,1.5789
2207,88.5417,4.2654,47.7573,4.5455,0.0625,1.3125
2208,69.375,10.0984,47.4808,0.0,0.0,1.625
2209,57.0175,12.0008,46.9465,9.6774,0.1579,1.4737
2210,66.1765,12.244,47.0862,3.4483,0.0588,1.6471
2211,77.2727,8.082,47.5548,0.0,0.0,1.4545
2212,61.7647,16.3259,47.4141,7.1429,0.1176,1.5294
2213,62.3529,11.2316,48.2471,4.0,0.0588,1.4118
2214,62.2222,13.3923,48.0435,3.5714,0.0667,1.8
2215,68.0556,10.3825,47.745,5.5556,0.0833,1.4167
2216,55.8824,15.6863,47.8858,0.0,0.0,1.6471
2217,83.3333,6.4316,48.0287,4.0,0.0625,1.5
2218,61.1111,10.5906,48.5462,0.0,0.0,1.4667
2219,80.3922,8.2923,48.8105,0.0,0.0,1.4118
2220,72.2222,6.1919,49.0778,0.0,0.0,1.3333
2221,81.1111,5.1126,48.5936,4.5455,0.0667,1.4
2222,64.2857,13.8488,48.4313,9.0909,0.1429,1.4286
2223,83.3333,5.5575,48.4598,0.0,0.0,1.8182
2224,81.1111,10.1342,47.091,13.0435,0.2,1.3333
2225,81.5789,6.0119,47.1324,7.1429,0.1053,1.3684
2226,65.2778,12.2856,46.8401,5.5556,0.0833,1.4167
2227,69.6078,12.2861,46.1908,12.0,0.1765,1.2941
2228,66.6667,11.0643,46.426,5.5556,0.0769,1.3077
2229,66.6667,11.8595,47.6876,0.0,0.0,1.7692
2230,59.2157,10.7319,48.4433,0.0,0.0,1.7647
2231,80.5128,5.9599,48.1602,0.0,0.0,2.0
2232,72.6191,9.3243,48.4054,5.2632,0.0714,1.2857
2233,64.2857,12.5542,48.23,4.3478,0.0714,1.5714
2234,77.7778,8.1553,47.9648,0.0,0.0,1.4444
2235,60.0877,13.3808,47.9365,0.0,0.0,1.3684
2236,87.2549,5.258,47.8893,3.3333,0.0588,1.7059
2237,58.3333,15.1123,45.0407,17.5,0.3182,1.5
2238,69.1176,8.2382,45.6646,3.7037,0.0588,1.5294
2239,78.7037,8.2313,45.5336,7.1429,0.1111,1.4444
2240,81.25,7.7068,46.7117,3.5714,0.0625,1.6875
2241,78.9474,8.5846,47.8368,0.0,0.0,1.5789
2242,66.6667,10.2394,48.1582,0.0,0.0,1.4667
2243,85.6667,3.3844,48.5814,0.0,0.0,1.9333
2244,51.8519,16.3476,48.228,6.8966,0.1111,1.5
2245,80.2083,7.0739,48.2313,3.0303,0.0625,2.0
2246,54.0,11.6152,47.3028,8.0,0.1333,1.5333
2247,61.7647,13.238,46.7432,4.0,0.0588,1.4118
2248,83.1373,7.0497,46.8645,3.125,0.0588,1.8235
2249,76.4706,8.2732,47.365,0.0,0.0,1.4118
2250,65.625,11.8604,47.2013,0.0,0.0,1.3125
2251,64.1667,11.0115,47.7205,0.0,0.0,1.65
2252,77.9762,7.0097,48.3127,0.0,0.0,1.7143
2253,69.0476,15.3141,46.9727,15.0,0.2143,1.2143
2254,71.1111,10.2598,46.651,5.8824,0.1111,1.7778
2255,70.0,10.3111,46.261,7.1429,0.1,1.3
2256,60.7143,15.5523,45.9127,8.3333,0.1429,1.5714
2257,81.9445,7.8902,47.201,0.0,0.0,1.5833
2258,77.451,4.8559,47.8942,0.0,0.0,1.3529
2259,79.6296,8.1214,48.1324,3.2258,0.0556,1.6667
2260,78.5714,8.1603,48.1222,5.0,0.0714,1.3571
2261,72.9167,6.5641,47.1736,9.0909,0.125,1.25
2262,72.6191,9.4448,46.9416,4.3478,0.0714,1.5714
2263,84.6154,5.2563,47.1836,0.0,0.0,1.1538
2264,69.0476,10.6566,47.4806,0.0,0.0,1.8571
2265,69.4445,9.0121,47.817,4.7619,0.0833,1.6667
2266,74.5098,6.9238,48.4969,0.0,0.0,1.4706
2267,86.2745,4.9411,48.3868,7.6923,0.1176,1.4118
2268,65.5556,12.8232,48.2833,13.0435,0.2,1.3333
2269,93.8889,3.8299,47.8672,7.6923,0.1333,1.6
2270,80.0,6.0808,47.9119,0.0,0.0,1.6
2271,60.7843,14.0745,47.3707,7.4074,0.1176,1.4706
2272,58.8542,11.3146,47.1407,3.5714,0.0625,1.6875
2273,46.0,15.5647,46.8753,0.0,0.0,1.6
2274,63.8889,15.4967,46.8079,10.7143,0.1667,1.3889
2275,69.7917,11.619,46.9431,8.6957,0.125,1.3125
2276,67.5,6.6827,47.6401,3.7037,0.05,1.3
2277,62.963,11.6563,47.6857,7.6923,0.1111,1.3333
2278,85.1852,4.4786,48.6377,0.0,0.0,1.8333
2279,70.1754,7.7516,48.9192,0.0,0.0,1.7368
2280,66.2281,9.9714,48.6369,6.25,0.1053,1.5789
2281,81.5789,7.999,48.0966,4.0,0.0526,1.2632
2282,78.3333,6.3096,47.9719,0.0,0.0,1.8667
2283,60.8333,9.5943,47.8942,9.375,0.15,1.45
2284,78.2051,5.6568,47.671,5.0,0.0769,1.4615
2285,62.5,13.9276,48.1948,0.0,0.0,1.7143
2286,70.0,11.494,48.9105,0.0,0.0,1.7895
2287,62.7451,12.3922,47.4974,12.0,0.1765,1.2941
2288,78.6667,6.7835,47.5678,3.7037,0.0667,1.7333
2289,52.8571,14.9847,46.2063,10.5263,0.1905,1.619
2290,61.9048,13.7534,46.6793,5.2632,0.0714,1.2857
2291,77.7778,6.6466,46.7542,4.1667,0.0667,1.5333
2292,59.6491,13.0864,47.5331,3.125,0.0526,1.6316
2293,63.4259,14.2538,47.2082,10.7143,0.1667,1.3889
2294,70.8333,12.2738,47.2408,6.6667,0.0833,1.1667
2295,65.7407,10.2938,47.8224,6.8966,0.1111,1.5
2296,65.098,12.9875,46.1508,16.6667,0.2941,1.4706
2297,74.0741,9.5564,46.6928,3.4483,0.0556,1.5556
2298,76.3889,10.7771,47.0129,0.0,0.0,1.5833
2299,86.4583,5.8435,47.2028,0.0,0.0,1.625
2300,80.3922,7.0327,47.7331,8.3333,0.1176,1.2941
2301,54.6296,11.8315,47.8744,0.0,0.0,1.4444
2302,75.5556,10.1265,47.4976,4.7619,0.0667,1.3333
2303,69.7917,10.6478,47.0347,9.0909,0.125,1.25
2304,70.3125,12.2709,46.7782,12.5,0.1875,1.3125
2305,62.5,15.307,46.2533,23.0769,0.25,0.8333
2306,63.8889,12.3679,46.0962,15.7895,0.25,1.3333
2307,80.0,4.1065,46.7804,0.0,0.0,1.6
2308,73.9583,11.6708,46.8792,7.4074,0.125,1.5625
2309,71.1111,11.069,47.2903,0.0,0.0,1.6
2310,73.4375,10.8096,47.7947,4.1667,0.0625,1.4375
2311,79.7619,10.8338,47.6323,0.0,0.0,1.4286
2312,83.3333,7.0502,47.4587,5.8824,0.1111,1.7778
2313,64.8148,10.9157,47.7223,6.8966,0.1111,1.5
2314,76.0417,10.5008,48.5237,0.0,0.0,1.5625
2315,63.6364,8.9244,48.4313,10.5263,0.1818,1.5455
2316,56.8627,15.8409,48.0438,7.6923,0.1176,1.4118
2317,65.7407,10.5215,48.0347,0.0,0.0,1.3333
2318,72.549,10.3588,47.4598,8.6957,0.1176,1.2353
2319,59.2593,12.0381,47.3829,4.0,0.0556,1.3333
2320,84.5833,5.4472,48.051,2.5641,0.05,1.9
2321,52.7778,16.044,48.5427,0.0,0.0,1.5556
2322,81.5789,5.1854,48.9418,0.0,0.0,1.6842
2323,58.8235,11.8071,48.8274,3.8462,0.0588,1.4706
2324,63.7255,11.3461,48.421,6.4516,0.1176,1.7059
2325,83.3333,5.3128,47.5026,8.0,0.1176,1.3529
2326,64.3939,8.3602,47.5156,0.0,0.0,2.0909
2327,72.549,10.7352,45.8471,22.2222,0.3529,1.2353
2328,66.4706,10.5143,46.271,0.0,0.0,1.8235
2329,64.5098,12.9911,46.2748,7.6923,0.1176,1.4118
2330,73.3333,7.3234,47.2818,0.0,0.0,1.6667
2331,87.3333,4.0655,48.2677,0.0,0.0,1.75
2332,63.0952,12.1417,48.8576,0.0,0.0,1.4286
2333,70.0,10.2051,49.0428,8.3333,0.1333,1.4667
2334,74.5098,7.6894,48.952,3.5714,0.0588,1.5882
2335,75.0,6.8112,49.1144,0.0,0.0,1.5294
2336,63.3333,11.9683,48.5066,0.0,0.0,1.5
2337,78.2407,8.4401,47.7861,5.7143,0.1111,1.8333
2338,77.5926,8.0824,47.0498,0.0,0.0,1.4444
2339,73.9583,11.3377,46.5065,3.5714,0.0625,1.6875
2340,80.303,10.4443,46.6392,0.0,0.0,1.3636
2341,67.5926,8.8167,47.6289,0.0,0.0,1.5
2342,64.7059,12.7669,47.3955,8.0,0.1176,1.3529
2343,64.4445,13.6358,47.4383,0.0,0.0,1.4667
2344,80.5556,6.2831,48.4056,0.0,0.0,1.2778
2345,72.549,11.099,48.3875,0.0,0.0,1.3529
2346,67.8571,9.1096,48.0858,0.0,0.0,1.4286
2347,75.0,9.4678,48.3622,13.3333,0.2,1.3
2348,59.0909,10.9577,48.1795,0.0,0.0,1.6364
2349,76.6667,7.1847,48.317,4.0,0.0667,1.6
2350,59.8039,7.1792,47.9832,0.0,0.0,1.5294
2351,66.6667,12.1058,47.8103,4.7619,0.0769,1.5385
2352,57.5,16.6084,45.8195,13.7931,0.2222,1.3889
2353,48.8889,16.3185,45.3857,14.2857,0.2,1.2
2354,75.0,9.4022,45.0286,8.6957,0.125,1.3125
2355,75.0,9.7772,45.7795,10.0,0.1875,1.6875
2356,66.1905,12.9476,46.5463,8.0,0.1429,1.6429
2357,75.7576,8.7671,46.8877,5.5556,0.0909,1.5455
2358,69.7368,10.2088,46.6233,14.8148,0.2105,1.2105
2359,62.2807,13.3929,45.7611,10.3448,0.1579,1.3684
2360,77.451,10.3535,46.3653,0.0,0.0,1.3529
2361,72.0588,8.9929,45.9552,3.4483,0.0588,1.6471
2362,59.0909,12.4068,47.3638,2.7027,0.0455,1.6364
2363,70.5882,9.0129,47.8405,3.5714,0.0588,1.5882
2364,94.4444,4.2342,48.0996,0.0,0.0,1.4444
2365,70.8333,10.8671,48.1239,3.8462,0.0714,1.7857
2366,74.5614,8.8194,48.5685,0.0,0.0,1.5263
2367,72.9167,9.3416,48.0435,8.3333,0.125,1.375
2368,75.3846,9.8696,47.5994,3.7037,0.0769,2.0
2369,83.3333,4.8664,47.7507,0.0,0.0,1.4706
2370,91.1765,3.6803,47.4124,0.0,0.0,1.8235
2371,64.4445,12.3423,46.9863,11.5385,0.2,1.5333
2372,83.3333,7.5314,47.2226,0.0,0.0,1.4444
2373,66.2745,12.1637,46.3539,6.25,0.1176,1.7647
2374,78.125,9.2344,46.7175,0.0,0.0,1.4375
2375,56.6667,16.7748,46.1335,17.3913,0.2667,1.2667
2376,90.4762,4.0045,46.6221,0.0,0.0,1.7857
2377,61.6667,11.8929,45.9014,0.0,0.0,1.4
2378,66.6667,10.6725,46.5816,0.0,0.0,1.25
2379,65.4902,10.0171,47.1332,2.5641,0.0588,2.2353
2380,67.5439,13.3144,46.8405,0.0,0.0,1.3684
2381,80.9524,7.4181,47.4684,0.0,0.0,1.5714
2382,77.7778,9.6662,47.4727,0.0,0.0,1.5833
2383,89.2157,4.2371,48.2023,0.0,0.0,1.2941
2384,69.4444,10.0883,48.0826,6.25,0.1111,1.6667
2385,73.5294,12.4748,47.3601,13.0435,0.1765,1.1765
2386,88.2353,4.3786,47.4003,4.3478,0.0588,1.2941
2387,72.3958,11.2554,47.8147,4.1667,0.0625,1.4375
2388,63.6364,13.517,47.8068,7.6923,0.0909,1.0909
2389,65.0,11.3046,47.7276,0.0,0.0,1.7
2390,83.3333,7.5033,48.0273,4.7619,0.0833,1.6667
2391,55.8333,13.0411,46.9874,20.0,0.3,1.2
2392,57.6923,10.5534,47.0001,4.5455,0.0769,1.6154
2393,66.6667,9.8733,47.0089,4.3478,0.0667,1.4667
2394,56.6667,14.0839,46.3915,10.3448,0.1765,1.5294
2395,76.0417,8.5366,46.344,8.3333,0.125,1.375
2396,77.9412,7.8235,46.5948,0.0,0.0,1.6471
2397,74.4792,8.7418,46.9212,0.0,0.0,1.6875
2398,78.8889,6.0577,47.4863,0.0,0.0,1.6667
2399,61.7647,13.9104,48.687,0.0,0.0,1.5882
2400,74.0741,9.7316,48.5964,3.8462,0.0556,1.3889
2401,80.0,6.829,48.4978,3.5714,0.05,1.35
2402,66.6667,12.3065,48.0961,4.3478,0.0556,1.2222
2403,61.4035,10.4115,47.145,5.8824,0.1053,1.6842
2404,90.3509,4.5918,46.9907,0.0,0.0,1.6842
2405,76.3158,9.5078,47.69,0.0,0.0,1.6316
2406,86.2745,4.3704,48.0904,4.3478,0.0588,1.2941
2407,54.7619,14.7973,47.8556,7.4074,0.1429,1.7857
2408,69.2982,9.6668,47.8388,3.125,0.0526,1.6316
2409,88.4615,5.0229,47.8611,0.0,0.0,1.3846
2410,75.6945,9.387,47.5953,4.1667,0.0833,1.9167
2411,68.4211,8.7769,49.037,0.0,0.0,1.6316
2412,63.3333,9.4775,48.6827,0.0,0.0,1.4
2413,76.2821,8.2793,48.5869,0.0,0.0,1.8462
2414,69.6825,9.5843,48.8156,0.0,0.0,1.7143
2415,72.6191,8.9409,48.2904,10.0,0.1429,1.2857
2416,73.8095,9.6743,48.5435,0.0,0.0,1.6429
2417,69.4444,12.4079,48.7886,0.0,0.0,1.7778
2418,73.2143,7.4544,48.6878,0.0,0.0,1.5714
2419,77.7778,7.9896,48.7726,0.0,0.0,1.1111
2420,66.1458,12.6066,49.1678,0.0,0.0,1.6875
2421,81.1765,6.4541,48.7871,3.2258,0.0588,1.7647
2422,72.807,8.0751,48.3765,6.4516,0.1053,1.5263
2423,65.2778,10.5526,47.6221,10.5263,0.1667,1.4167
2424,65.625,10.655,47.7029,0.0,0.0,1.625
2425,72.2222,11.8904,48.0293,10.3448,0.1667,1.4444
2426,69.4444,9.8784,48.0116,4.0,0.0556,1.3333
2427,83.3333,7.4092,48.4795,4.3478,0.0556,1.2222
2428,74.5098,8.2401,48.4396,0.0,0.0,1.3529
2429,54.0,15.9512,47.9347,9.0909,0.1333,1.3333
2430,59.0909,15.8465,48.1868,7.1429,0.0909,1.1818
2431,76.6667,8.9238,48.5566,0.0,0.0,1.7
2432,62.5,11.055,48.3851,3.8462,0.0625,1.5625
2433,85.4167,4.9272,48.2823,0.0,0.0,1.625
2434,92.3077,5.0472,48.1749,0.0,0.0,1.6923
2435,70.5882,9.2286,47.9393,3.5714,0.0588,1.5882
2436,64.8148,10.9894,47.9597,0.0,0.0,1.4444
2437,61.6667,13.6357,47.5741,5.2632,0.1,1.8
2438,80.0926,9.8676,47.9805,3.3333,0.0556,1.6111
2439,71.5686,11.2715,47.3992,4.0,0.0588,1.4118
2440,76.0,5.4394,47.7265,0.0,0.0,1.8
2441,67.6471,8.8789,48.2263,0.0,0.0,1.6471
2442,79.4118,4.9188,48.094,4.1667,0.0588,1.3529
2443,77.451,6.701,48.9655,0.0,0.0,1.2941
2444,68.4211,10.2096,48.3452,4.0,0.0526,1.2632
2445,80.0,4.3422,48.6474,2.6316,0.05,1.85
2446,83.3333,6.7919,48.0007,7.4074,0.1111,1.3889
2447,76.3158,7.6016,48.4551,3.125,0.0526,1.6316
2448,69.6078,9.7359,47.4571,13.7931,0.2353,1.4706
2449,85.4167,8.2635,46.951,3.4483,0.0625,1.75
2450,71.2963,7.8277,47.3288,0.0,0.0,1.3333
2451,56.8182,15.9352,47.1731,4.3478,0.0909,2.0
2452,70.8333,9.8679,47.7639,0.0,0.0,1.5
2453,69.1176,10.7256,47.7803,3.3333,0.0588,1.7059
2454,79.7619,9.0713,48.2331,0.0,0.0,1.5
2455,79.7619,8.7963,48.809,0.0,0.0,1.5
2456,70.8333,9.9724,49.2859,0.0,0.0,1.7
2457,74.359,8.9593,49.4465,4.5455,0.0769,1.6154
2458,65.5556,12.2402,49.1267,0.0,0.0,1.6
2459,76.1111,8.9044,48.0838,10.3448,0.2,1.7333
2460,63.3333,10.403,47.0823,0.0,0.0,1.4667
2461,72.2222,8.6816,47.2292,0.0,0.0,1.3333
2462,74.6078,8.1455,46.9507,5.5556,0.1176,2.0
2463,73.3333,6.1419,47.9379,0.0,0.0,1.5294
2464,68.6274,12.6789,48.7821,0.0,0.0,1.7059
2465,63.6364,12.5725,48.5558,5.8824,0.0909,1.4545
2466,81.25,5.8594,48.473,0.0,0.0,1.4375
2467,76.9608,7.9009,47.984,3.7037,0.0588,1.5294
2468,50.0,16.0094,47.5096,4.0,0.0588,1.4118
2469,57.5,14.5986,48.13,0.0,0.0,1.25
2470,73.1481,8.4068,47.4672,7.6923,0.1111,1.3333
2471,60.7143,12.7185,47.6914,0.0,0.0,1.4286
2472,76.6667,8.8888,47.3414,12.5,0.2,1.4
2473,53.0303,15.5611,47.2036,0.0,0.0,1.6364
2474,68.6275,9.7947,47.03,3.5714,0.0588,1.5882
2475,66.6667,10.9777,47.5465,11.1111,0.1875,1.5
2476,82.0513,6.5972,47.3405,0.0,0.0,1.6154
2477,76.7647,8.9739,47.7528,3.3333,0.0588,1.7059
2478,90.0,4.537,47.64,4.3478,0.0667,1.4667
2479,83.3333,5.6982,47.8199,0.0,0.0,1.6923
2480,53.2407,14.1762,48.3367,6.6667,0.1111,1.5556
2481,71.1111,7.7534,48.2135,0.0,0.0,1.7333
2482,69.697,11.3042,48.1632,5.8824,0.0909,1.4545
2483,58.8235,10.4576,47.6384,3.8462,0.0588,1.4706
2484,70.3704,11.2451,48.9113,0.0,0.0,1.5
2485,77.5,8.3289,48.7794,4.1667,0.05,1.15
2486,65.625,12.3396,48.8008,7.4074,0.125,1.5625
2487,67.4242,10.6863,49.1371,0.0,0.0,1.6364
2488,70.5882,10.2254,48.7139,6.8966,0.1176,1.5882
2489,79.1667,7.5329,48.3034,3.5714,0.0625,1.6875
2490,83.3333,5.8486,48.5799,0.0,0.0,1.7143
2491,72.549,8.0441,48.7755,0.0,0.0,1.4706
2492,81.25,6.5138,49.0957,0.0,0.0,1.5
2493,58.3333,10.5387,49.7845,0.0,0.0,2.0769
2494,75.0,7.7198,49.1891,0.0,0.0,1.4375
2495,68.1373,9.3923,48.5051,3.4483,0.0588,1.6471
2496,68.75,11.2802,47.5047,4.7619,0.0833,1.6667
2497,87.5,4.4597,47.5926,0.0,0.0,1.4375
2498,65.1961,13.4385,47.328,3.0303,0.0588,1.8824
2499,84.5238,4.8904,47.832,0.0,0.0,1.5
2500,76.1905,6.7482,48.6193,0.0,0.0,1.5
2501,66.0714,11.6769,47.7376,3.5714,0.0714,1.9286
2502,26.7857,22.2456,46.9988,14.2857,0.2143,1.2857
2503,77.2727,8.4974,46.8502,0.0,0.0,1.3636
2504,69.3137,9.3529,46.8626,2.5641,0.0588,2.2353
2505,53.7037,14.9769,46.6958,3.7037,0.0556,1.4444
2506,71.1111,9.184,46.9173,4.0,0.0667,1.6
2507,59.0909,12.2185,47.0828,0.0,0.0,1.6364
2508,72.2222,10.61,46.8674,8.6957,0.1111,1.1667
2509,67.5439,10.4524,47.2639,0.0,0.0,1.7368
2510,46.6667,16.5958,47.4255,8.6957,0.1333,1.4
2511,83.3333,6.3318,47.6307,0.0,0.0,1.2778
2512,66.6667,11.8079,47.8146,7.1429,0.1176,1.5294
2513,69.2308,11.5046,47.9692,6.25,0.0769,1.1538
2514,62.1212,12.9861,48.3758,0.0,0.0,1.6364
2515,70.5128,12.0274,48.5448,4.7619,0.0769,1.5385
2516,53.3333,13.3896,47.7829,12.1212,0.2,1.45
2517,82.0513,6.0856,47.9995,0.0,0.0,1.6154
2518,61.4583,8.6348,47.8964,4.1667,0.0625,1.4375
2519,62.5556,11.9509,47.8316,0.0,0.0,1.8667
2520,73.3333,10.092,48.8387,8.3333,0.1333,1.4667
2521,60.0,11.7432,48.2097,0.0,0.0,1.8
2522,58.3333,12.482,48.6387,10.0,0.1667,1.5
2523,55.0,11.931,48.5806,0.0,0.0,1.4
2524,79.6875,8.7346,47.3517,11.1111,0.1875,1.5
2525,81.1111,6.2943,47.4996,4.1667,0.0667,1.5333
2526,58.3333,11.6086,46.8815,3.4483,0.05,1.4
2527,57.8431,13.735,45.9145,12.5,0.1765,1.2353
2528,72.2222,8.7601,47.0609,6.0606,0.1111,1.7222
2529,77.5,10.2919,46.1175,3.2258,0.05,1.5
2530,67.6471,11.8786,47.4617,0.0,0.0,1.7059
2531,83.3333,5.8991,47.568,0.0,0.0,1.5294
2532,50.0,14.6056,47.1641,13.3333,0.25,1.625
2533,54.6667,16.4283,45.7137,15.1515,0.25,1.4
2534,61.3636,13.8472,45.6673,0.0,0.0,1.4545
2535,62.5,13.3922,45.0334,0.0,0.0,1.9167
2536,79.4118,7.3134,46.2237,0.0,0.0,1.5294
2537,90.4762,4.0778,48.17,0.0,0.0,1.5
2538,67.3077,9.532,48.6311,0.0,0.0,1.8462
2539,76.25,7.3531,48.9161,2.8571,0.05,1.7
2540,72.6191,11.7722,48.4948,0.0,0.0,1.5
2541,95.1389,3.1849,48.2729,5.0,0.0833,1.5833
2542,58.7719,13.6011,47.9044,3.2258,0.0526,1.5789
2543,69.6429,11.3888,47.9415,3.7037,0.0714,1.8571
2544,45.4545,18.082,47.7768,33.3333,0.3636,0.7273
2545,62.5,13.9677,47.179,11.1111,0.1875,1.5
2546,63.9583,12.5785,47.4683,3.3333,0.0625,1.8125
2547,83.3333,6.7668,47.6531,6.25,0.1111,1.6667
2548,68.1818,12.199,47.3389,0.0,0.0,1.6364
2549,71.1111,10.3908,47.4174,14.8148,0.2667,1.5333
2550,68.7037,10.7708,47.2454,3.5714,0.0556,1.5
2551,70.5882,9.3034,47.2872,0.0,0.0,1.4706
2552,72.2222,9.9182,47.4738,8.0,0.1111,1.2778
2553,74.0741,8.0824,47.5049,3.7037,0.0556,1.4444
2554,73.3333,8.5521,48.0019,0.0,0.0,1.4
2555,55.1282,16.2655,47.041,5.8824,0.0769,1.2308
2556,71.7949,11.6875,46.5957,14.2857,0.2308,1.3846
2557,68.75,9.836,47.374,0.0,0.0,1.5
2558,66.6667,11.6796,47.7014,0.0,0.0,1.8125
2559,72.6191,9.5793,48.7515,0.0,0.0,1.6429
2560,69.8148,9.0758,48.5646,3.4483,0.0556,1.5556
2561,94.1176,3.7879,48.6328,0.0,0.0,1.5294
2562,70.0,8.4337,48.1614,9.5238,0.2,1.9
2563,71.5686,10.208,48.3689,3.4483,0.0588,1.6471
2564,54.6296,16.8274,48.6098,4.1667,0.0556,1.2778
2565,61.3636,15.7424,48.1826,5.5556,0.0909,1.5455
2566,87.5,4.5404,48.7038,4.3478,0.0625,1.375
2567,83.3333,5.5118,47.967,4.1667,0.0625,1.4375
2568,61.1111,14.2336,47.2109,7.1429,0.1111,1.4444
2569,80.2083,7.8418,47.5844,0.0,0.0,1.5
2570,67.5,11.34,47.7708,2.8571,0.05,1.7
2571,70.5882,10.0371,48.3017,3.8462,0.0588,1.4706
2572,76.4706,9.5528,48.3295,3.4483,0.0588,1.6471
2573,50.0,11.6153,47.1487,4.0,0.0667,1.6
2574,77.2549,8.1667,47.3717,0.0,0.0,1.7647
2575,59.8039,13.1635,47.4635,4.3478,0.0588,1.2941
2576,84.0909,5.4094,47.5337,0.0,0.0,2.0909
2577,74.4444,5.919,48.282,4.3478,0.0667,1.4667
2578,60.4167,16.3243,47.3636,3.7037,0.0625,1.625
2579,53.8462,15.3228,47.0664,5.0,0.0769,1.4615
2580,57.1429,13.1535,46.4175,4.7619,0.0714,1.4286
2581,61.6667,10.7399,46.7722,0.0,0.0,1.75
2582,61.5385,12.0888,46.9403,4.7619,0.0769,1.5385
2583,60.9375,15.2477,46.9365,11.5385,0.1875,1.4375
2584,59.5238,14.1232,47.5082,3.7037,0.0714,1.8571
2585,73.0769,11.0569,47.018,0.0,0.0,1.6154
2586,70.0,11.7827,46.9428,0.0,0.0,1.4
2587,67.0833,12.5808,48.2433,0.0,0.0,2.0
2588,63.5417,14.3668,47.3784,7.1429,0.125,1.625
2589,55.8824,14.8972,47.1561,3.2258,0.0588,1.7647
2590,80.303,7.1774,47.0803,6.25,0.0909,1.3636
2591,65.6863,6.5389,47.3474,0.0,0.0,1.5294
2592,77.0588,8.0286,48.3655,0.0,0.0,1.5294
2593,70.0,11.9975,48.5155,0.0,0.0,1.5333
2594,78.5714,6.9902,48.6006,0.0,0.0,1.3333
2595,64.8148,9.3972,48.2216,0.0,0.0,1.5556
2596,60.0,11.7263,48.3471,0.0,0.0,1.3333
2597,65.3846,12.0825,48.5571,0.0,0.0,1.4615
2598,71.2121,9.5737,48.5336,0.0,0.0,1.5455
2599,75.4902,8.5253,48.2115,6.8966,0.1176,1.5882
2600,79.1667,6.0549,48.359,0.0,0.0,1.625
2601,82.1429,4.9466,48.4854,0.0,0.0,1.5714
2602,52.8947,16.2268,47.6745,9.0909,0.1579,1.5789
2603,71.5686,10.8535,46.636,10.7143,0.1765,1.4706
2604,55.5556,14.0767,46.5931,0.0,0.0,1.9167
2605,78.7037,8.0906,47.2306,0.0,0.0,1.6111
2606,92.8571,2.8803,47.6728,0.0,0.0,1.5
2607,95.8333,2.1036,47.9615,0.0,0.0,1.5
2608,59.6154,16.7185,47.1133,19.2308,0.3846,1.6154
2609,67.5926,11.357,46.7296,3.8462,0.0556,1.3889
2610,74.1667,9.7923,46.1709,3.4483,0.05,1.4
2611,71.4286,7.1051,47.1736,0.0,0.0,1.8571
2612,73.4849,9.247,48.5343,0.0,0.0,1.5455
2613,80.2083,6.7065,49.0862,0.0,0.0,1.6875
2614,90.0,4.5523,49.5425,0.0,0.0,1.6667
2615,80.7692,6.9939,49.3634,0.0,0.0,1.6154
2616,72.5,7.3308,48.4319,0.0,0.0,1.55
2617,85.7143,6.6635,48.4022,0.0,0.0,1.3571
2618,73.0769,10.8244,48.0333,3.5714,0.0769,2.0769
2619,60.0,14.5348,47.3525,4.5455,0.0667,1.4
2620,60.6481,11.7007,47.1742,6.6667,0.1111,1.5556
2621,57.6389,11.4047,45.9719,4.7619,0.0833,1.6667
2622,75.5556,8.1922,46.2359,0.0,0.0,1.4667
2623,81.3726,5.9764,47.5167,6.25,0.1176,1.7647
2624,46.6667,14.8747,46.6054,4.3478,0.0667,1.4667
2625,66.6667,13.9495,47.8881,0.0,0.0,1.6429
2626,85.8974,4.8882,47.9044,0.0,0.0,1.7692
2627,93.75,3.8172,47.9025,0.0,0.0,1.5833
2628,68.1818,9.3003,48.6504,6.25,0.0909,1.3636
2629,91.7647,4.2918,49.4633,0.0,0.0,2.1176
2630,57.8431,11.7543,49.129,0.0,0.0,1.5882
2631,77.7778,7.6954,48.4136,3.5714,0.0667,1.8
2632,78.7879,6.8197,48.3536,0.0,0.0,1.6364
2633,75.0,7.8273,47.8552,0.0,0.0,1.2222
2634,59.2982,13.392,48.0396,3.0303,0.0526,1.6842
2635,86.6667,4.4562,48.3262,0.0,0.0,1.4667
2636,82.4561,4.7671,48.1483,7.1429,0.1053,1.3684
2637,51.7857,11.3331,47.8624,4.1667,0.0714,1.6429
2638,57.6923,11.195,47.6101,0.0,0.0,1.2308
2639,72.6191,9.8927,47.4335,4.3478,0.0714,1.5714
2640,69.2308,9.924,46.5964,13.6364,0.2308,1.4615
2641,76.6667,7.4257,48.2167,0.0,0.0,1.6
2642,84.6154,5.6163,48.4806,0.0,0.0,1.5385
2643,62.5,15.5652,48.0754,7.6923,0.125,1.5
2644,66.2745,9.09,48.6747,3.4483,0.0588,1.6471
2645,90.625,4.5617,48.3739,3.4483,0.0625,1.75
2646,67.7778,10.2353,48.1031,0.0,0.0,1.8667
2647,74.5098,6.7543,48.4788,0.0,0.0,1.4118
2648,57.1429,12.018,48.5784,0.0,0.0,1.4286
2649,72.3958,9.9827,48.014,3.7037,0.0625,1.625
2650,45.5128,16.8803,47.4034,0.0,0.0,1.6154
2651,66.6667,7.3009,46.9408,0.0,0.0,1.4762
2652,75.0,8.2425,46.1811,0.0,0.0,1.4375
2653,65.7407,11.5727,47.0439,2.9412,0.0556,1.8333
2654,64.0351,9.2892,47.0979,3.2258,0.0526,1.5789
2655,84.375,6.3606,48.1541,0.0,0.0,1.6875
2656,74.4444,8.2625,48.5587,0.0,0.0,1.4667
2657,78.8889,6.1449,48.9176,0.0,0.0,1.6667
2658,70.4545,10.2856,48.8439,3.125,0.0455,1.4091
2659,77.2727,6.6336,48.5512,6.25,0.0909,1.3636
2660,58.3333,10.0455,47.5707,4.1667,0.0909,2.0909
2661,59.2105,12.9134,47.1756,3.3333,0.0526,1.5263
2662,62.2222,13.7492,46.0444,4.5455,0.0667,1.4
2663,75.0,9.9103,46.6321,4.3478,0.0714,1.5714
2664,87.7193,5.5976,48.2681,0.0,0.0,1.7368
2665,78.8462,8.0487,48.2971,0.0,0.0,1.5385
2666,58.3333,10.9164,48.7178,4.3478,0.0667,1.4667
2667,60.1852,13.9341,48.2039,6.0606,0.1111,1.7222
2668,73.6111,9.4023,47.8533,0.0,0.0,1.9167
2669,81.25,5.6913,47.6733,0.0,0.0,1.125
2670,79.1667,8.3314,47.4711,4.0,0.0625,1.5
2671,75.4167,5.8654,47.7856,0.0,0.0,1.8125
2672,70.8333,9.9551,47.8939,0.0,0.0,1.875
2673,70.8333,8.8116,47.9174,0.0,0.0,1.75
2674,65.5556,5.8253,48.1351,0.0,0.0,1.6
2675,77.3333,8.5902,48.2038,6.6667,0.1,1.4
2676,67.6471,9.3249,47.9627,0.0,0.0,1.3529
2677,61.7647,13.8313,48.1827,0.0,0.0,1.3529
2678,81.25,5.0686,48.5232,3.7037,0.0625,1.625
2679,77.7778,10.4658,48.4837,5.0,0.0667,1.2667
2680,69.2308,11.8105,48.2894,0.0,0.0,1.2308
2681,76.1905,7.9441,48.4714,4.0,0.0714,1.7143
2682,70.8333,9.3084,48.4088,0.0,0.0,1.5625
2683,62.7451,13.0802,47.6362,3.7037,0.0588,1.5294
2684,78.8889,7.5169,47.8968,4.1667,0.0667,1.5333
2685,76.4815,10.6541,46.8915,3.2258,0.0556,1.6667
2686,79.6875,7.0662,46.484,3.7037,0.0625,1.625
2687,54.5455,11.2504,46.8358,8.3333,0.1818,2.0
2688,79.902,6.9459,47.0661,3.5714,0.0588,1.5882
2689,90.625,4.9379,47.5082,4.5455,0.0625,1.3125
2690,83.3333,7.1865,46.7482,5.2632,0.0909,1.6364
2691,70.2381,10.2679,47.0492,4.0,0.0714,1.7143
2692,81.1111,8.754,47.0201,0.0,0.0,1.5333
2693,69.1667,10.503,46.6667,0.0,0.0,1.5
2694,67.7083,10.0333,47.2285,0.0,0.0,1.5
2695,68.3333,9.0787,47.8725,0.0,0.0,1.75
2696,56.4815,13.8958,47.649,6.8966,0.1111,1.5
2697,72.9167,8.6538,47.7235,0.0,0.0,1.6875
2698,91.1111,4.3943,47.3764,4.5455,0.0667,1.4
2699,77.9167,8.4475,47.2694,0.0,0.0,1.75
2700,80.5556,7.4444,47.4674,4.3478,0.0556,1.2222
2701,75.0,7.9085,47.6566,0.0,0.0,2.2
2702,92.2222,3.6442,48.2692,0.0,0.0,1.6667
2703,68.1373,10.8752,47.9197,0.0,0.0,1.6471
2704,81.5476,7.8278,48.224,8.6957,0.1429,1.5
2705,60.0,14.2181,48.0727,10.0,0.1333,1.2
2706,53.5088,16.2544,47.4862,0.0,0.0,1.6842
2707,67.3077,13.115,47.5034,8.0,0.1538,1.7692
2708,64.0351,13.4758,47.8848,7.1429,0.1053,1.3684
2709,65.4762,12.8619,47.9932,0.0,0.0,1.9286
2710,69.2308,9.8298,47.6968,5.0,0.0769,1.4615
2711,68.1818,11.0259,48.2448,0.0,0.0,1.3636
2712,64.1667,11.3613,47.89,3.4483,0.0625,1.75
2713,74.7917,8.2892,47.8481,0.0,0.0,1.6875
2714,74.4444,8.3253,48.4151,0.0,0.0,1.9333
2715,68.1818,5.8588,48.2938,0.0,0.0,1.4545
2716,58.7719,12.9745,48.5153,3.8462,0.0526,1.3158
2717,59.0741,11.1007,48.1915,0.0,0.0,1.5556
2718,90.0,5.3244,48.0204,0.0,0.0,1.4
2719,65.8333,9.2571,47.6098,3.7037,0.05,1.3
2720,77.0833,9.8617,48.4235,0.0,0.0,1.6875
2721,74.5098,7.5646,47.8232,5.0,0.0588,1.1176
2722,62.5,11.2975,47.7736,0.0,0.0,1.4167
2723,60.6061,11.6593,47.7836,5.0,0.0909,1.7273
2724,75.9259,9.776,47.9555,0.0,0.0,1.6667
2725,70.5882,10.4113,48.5599,0.0,0.0,1.4118
2726,52.0833,17.5577,47.6911,11.5385,0.1875,1.4375
2727,72.549,8.5991,48.0105,0.0,0.0,1.7059
2728,76.4706,10.2118,47.8568,3.4483,0.0588,1.6471
2729,79.1667,6.5614,48.4888,0.0,0.0,1.75
2730,56.4815,14.3821,48.7491,0.0,0.0,1.4444
2731,58.3333,13.838,48.5396,5.5556,0.0833,1.4167
2732,82.0513,6.1438,48.1674,4.7619,0.0769,1.5385
2733,60.7143,14.7617,47.506,4.0,0.0714,1.7143
2734,62.037,14.1009,46.9786,3.7037,0.0556,1.4444
2735,70.6349,9.5844,46.7612,6.6667,0.0952,1.3333
2736,71.4286,10.9945,46.8559,0.0,0.0,1.7857
2737,58.3333,14.5494,47.9264,0.0,0.0,1.6364
2738,63.7255,12.0273,49.4798,0.0,0.0,1.5882
2739,70.0,9.1693,49.5148,0.0,0.0,1.5333
2740,51.2821,16.8401,49.4381,0.0,0.0,1.5385
2741,71.9298,8.2208,49.2366,0.0,0.0,1.5263
2742,70.8333,12.4656,48.1693,12.5,0.1875,1.3125
2743,88.6364,6.1823,47.5098,0.0,0.0,2.4545
2744,63.3333,13.6845,47.0093,0.0,0.0,1.4667
2745,83.3333,5.616,46.7206,3.3333,0.0556,1.6111
2746,70.5128,10.7686,47.0962,0.0,0.0,1.6923
2747,71.875,11.894,46.6615,0.0,0.0,1.3125
2748,72.3958,7.9279,46.0774,5.8824,0.125,2.0
2749,66.1765,9.9742,46.1363,7.4074,0.1176,1.4706
2750,61.7647,13.602,46.3758,4.0,0.0588,1.4118
2751,66.6667,11.5769,46.6358,11.1111,0.2,1.6
2752,84.0909,5.7697,47.4041,0.0,0.0,1.5455
2753,70.8333,10.5216,47.7376,0.0,0.0,1.4167
2754,76.6667,8.0473,47.1318,5.5556,0.1111,1.8889
2755,80.2083,7.087,47.3233,0.0,0.0,1.625
2756,67.8571,12.6813,47.3714,0.0,0.0,1.8571
2757,63.8889,14.8179,46.7319,10.0,0.1667,1.5
2758,39.6825,18.9051,46.5013,7.6923,0.0952,1.1429
2759,69.2593,12.6706,46.929,0.0,0.0,1.7778
2760,85.7143,4.3928,47.0335,0.0,0.0,1.4286
2761,66.6667,12.4477,47.7308,7.1429,0.1,1.3
2762,68.75,8.4612,47.8525,0.0,0.0,1.5
2763,88.4615,5.2146,47.3446,13.3333,0.1538,1.0
2764,72.2222,11.1685,46.2663,12.0,0.2,1.4667
2765,82.6389,6.1622,46.6609,0.0,0.0,1.6667
2766,69.697,6.6257,46.9075,3.2258,0.0455,1.3636
2767,60.7143,11.0675,46.9595,5.0,0.0714,1.3571
2768,75.9259,7.2982,48.5761,9.6774,0.1667,1.5556
2769,81.0417,6.7635,48.502,0.0,0.0,1.75
2770,70.3125,9.0832,48.7262,3.4483,0.0625,1.75
2771,87.5,4.4202,49.1438,0.0,0.0,1.7857
2772,79.4118,8.3414,48.8322,4.7619,0.0588,1.1765
2773,55.0,13.9293,48.3655,15.3846,0.2,1.1
2774,84.375,7.7113,47.7543,0.0,0.0,1.5625
2775,51.2821,18.1659,47.4207,0.0,0.0,1.5385
2776,79.3651,6.834,46.9234,3.0303,0.0476,1.5238
2777,80.3922,5.7036,47.263,0.0,0.0,1.3529
2778,80.3922,8.0988,47.7501,3.0303,0.0588,1.8824
2779,84.2105,8.0716,48.5148,3.125,0.0526,1.6316
2780,74.5098,9.5384,48.3437,3.8462,0.0588,1.4706
2781,65.5556,7.1463,47.8417,4.5455,0.0667,1.4
2782,73.8095,7.9143,48.2257,0.0,0.0,1.6429
2783,74.8485,9.4744,48.4958,6.0606,0.0909,1.4091
2784,63.3333,12.0909,47.9492,11.7647,0.25,1.875
2785,67.5,10.2835,46.8766,7.6923,0.1667,2.0
2786,80.0,8.6997,45.8925,9.375,0.15,1.45
2787,68.8889,10.2047,46.4229,0.0,0.0,1.5333
2788,72.6667,11.0248,46.6426,7.6923,0.1333,1.6
2789,84.2105,5.7898,48.3038,0.0,0.0,1.7368
2790,83.3333,4.1169,48.9851,0.0,0.0,1.75
2791,82.8125,4.4099,49.4604,0.0,0.0,1.5625
2792,49.0741,16.915,48.6275,0.0,0.0,1.6667
2793,74.359,8.8935,47.9736,0.0,0.0,1.7692
2794,66.6667,9.4588,47.7167,10.0,0.1111,1.0
2795,67.7083,9.3588,46.7629,3.8462,0.0625,1.5625
2796,80.625,6.8624,46.7481,6.25,0.125,1.875
2797,64.5833,11.2343,46.6716,3.4483,0.0625,1.75
2798,63.6364,12.5022,47.6489,0.0,0.0,1.6364
2799,57.4074,11.8447,48.2604,3.5714,0.0556,1.5
2800,69.8246,9.2827,49.1426,3.2258,0.0526,1.5789
2801,65.625,10.9631,49.5015,4.7619,0.0625,1.25
2802,65.625,14.1112,49.2975,0.0,0.0,1.375
2803,77.451,8.053,49.1403,8.0,0.1176,1.3529
2804,84.5238,6.108,48.3195,5.2632,0.0714,1.2857
2805,76.3889,8.8693,46.7757,17.6471,0.25,1.1667
2806,85.1191,5.0621,46.9257,0.0,0.0,1.7857
2807,79.1667,5.2936,47.2458,0.0,0.0,1.4375
2808,67.5439,9.427,46.0811,10.7143,0.1579,1.3158
2809,64.8148,12.4395,47.7247,7.1429,0.1111,1.4444
2810,66.4706,12.2735,47.8684,0.0,0.0,1.8235
2811,65.1961,11.0699,46.9786,10.7143,0.1765,1.4706
2812,68.0556,10.6616,47.572,0.0,0.0,1.9167
2813,81.6667,5.8288,48.0784,0.0,0.0,1.6
2814,68.75,11.0918,47.601,0.0,0.0,1.25
2815,65.4762,11.6609,47.6743,10.0,0.1429,1.2857
2816,67.2619,9.6324,47.5125,11.5385,0.2143,1.6429
2817,58.3333,13.5653,46.275,8.6957,0.125,1.3125
2818,59.5238,14.8758,46.8158,11.4286,0.1905,1.4762
2819,61.4583,8.8045,46.5354,0.0,0.0,1.4375
2820,72.807,9.4106,46.6472,5.7143,0.1053,1.7368
2821,75.4386,10.5463,46.4805,10.0,0.1579,1.4211
2822,67.7083,8.4256,46.9484,0.0,0.0,1.5625
2823,66.6667,11.349,47.8928,4.3478,0.0667,1.4667
2824,69.5556,10.5765,48.1671,0.0,0.0,1.6667
2825,76.8519,8.8342,47.6485,4.3478,0.0556,1.2222
2826,55.2778,15.8731,47.6606,10.7143,0.25,2.0833
2827,66.1458,11.1879,47.2528,3.7037,0.0625,1.625
2828,63.7255,16.2097,45.8367,10.0,0.1765,1.5882
2829,48.9286,17.4613,45.3612,7.6923,0.1429,1.7143
2830,73.3333,11.5249,46.1966,0.0,0.0,1.3333
2831,58.8235,12.5112,46.4124,3.2258,0.0588,1.7647
2832,57.7381,13.5934,47.789,4.0,0.0714,1.7143
2833,53.7037,18.5893,47.5833,7.4074,0.1111,1.3889
2834,55.5556,12.3721,47.1377,6.6667,0.1111,1.5556
2835,81.8182,7.3054,47.2338,0.0,0.0,1.6364
2836,57.6923,13.1932,45.6654,16.6667,0.2308,1.1538
2837,88.3333,4.5789,46.4471,3.5714,0.0667,1.8
2838,71.1765,9.877,47.1451,0.0,0.0,1.6471
2839,81.1111,7.9171,46.9468,3.8462,0.0667,1.6667
2840,58.9744,12.3516,47.9052,5.5556,0.0769,1.3077
2841,63.1579,12.0967,47.8527,0.0,0.0,1.5263
2842,63.7255,10.6257,46.9971,6.6667,0.1176,1.6471
2843,65.5556,11.344,46.5362,10.0,0.1333,1.2
2844,77.451,6.4535,47.1528,0.0,0.0,1.3529
2845,74.4444,6.6044,47.6913,0.0,0.0,1.4667
2846,53.125,18.4041,47.7659,12.5,0.1875,1.3125
2847,68.1818,6.082,48.1975,0.0,0.0,1.6364
2848,68.0556,10.6362,47.4795,0.0,0.0,1.5833
2849,69.1176,10.2915,47.0443,0.0,0.0,1.5294
2850,62.037,14.7524,47.0672,3.7037,0.0556,1.4444
2851,73.5294,9.9781,47.4564,3.5714,0.0588,1.5882
2852,48.4444,18.098,47.1742,10.3448,0.2,1.7333
2853,79.902,7.2184,47.2142,0.0,0.0,1.7059
2854,76.3889,8.2548,47.4596,0.0,0.0,1.6667
2855,74.5098,13.4287,47.6898,0.0,0.0,1.4118
2856,82.0513,10.5675,48.4094,0.0,0.0,1.4615
2857,81.1111,7.8718,48.6867,0.0,0.0,1.4
2858,64.1026,12.8146,48.3841,4.3478,0.0769,1.6923
2859,67.5926,10.4307,48.5266,0.0,0.0,1.6667
2860,60.3175,11.9509,47.2857,9.6774,0.1429,1.3333
2861,65.3846,15.5696,46.3267,14.8148,0.3077,1.7692
2862,78.0303,7.1851,45.7193,5.2632,0.0909,1.6364
2863,65.2778,10.0785,46.5211,3.5714,0.0556,1.5
2864,64.4445,12.1043,47.1194,0.0,0.0,1.5333
2865,78.5714,6.7655,46.5703,5.2632,0.0714,1.2857
2866,70.3175,10.6712,46.1626,9.6774,0.1429,1.3333
2867,60.0,9.6088,46.664,0.0,0.0,1.4
2868,75.7692,8.8364,46.9585,3.2258,0.0769,2.3077
2869,59.8039,11.7688,46.8111,7.1429,0.1176,1.5294
2870,70.3704,10.4421,47.1861,6.6667,0.1111,1.5556
2871,67.6923,9.5864,46.9231,3.8462,0.0769,1.9231
2872,52.2222,16.7729,47.2796,0.0,0.0,1.3333
2873,47.7778,18.6051,46.9246,6.4516,0.1333,1.9333
2874,64.0625,9.6792,47.71,0.0,0.0,1.625
2875,63.7255,10.4675,47.7633,4.1667,0.0588,1.3529
2876,60.0,16.921,47.6601,0.0,0.0,1.6667
2877,81.5476,8.0272,47.6177,10.0,0.1429,1.2857
2878,65.1515,8.1472,47.9851,0.0,0.0,1.4545
2879,45.3704,16.9805,47.1217,0.0,0.0,1.9444
2880,61.7647,10.5335,46.9656,0.0,0.0,1.3529
2881,65.4762,15.5626,47.6144,0.0,0.0,1.5714
2882,65.2778,11.8601,48.0165,4.7619,0.0833,1.6667
2883,83.3333,6.4306,48.2904,10.3448,0.1429,1.2381
2884,62.5833,15.2762,46.5003,15.3846,0.3,1.65
2885,60.2564,14.5033,44.4871,20.0,0.3077,1.2308
2886,83.3333,5.5992,44.5801,0.0,0.0,1.2778
2887,69.2308,10.7708,45.4155,0.0,0.0,1.5385
2888,62.8205,10.1272,45.9532,10.5263,0.1538,1.3077
2889,61.9048,12.3143,47.1763,0.0,0.0,1.7143
2890,72.7273,11.9371,47.811,5.5556,0.0909,1.5455
2891,73.6842,8.8644,47.5821,3.4483,0.0526,1.4737
2892,76.6667,8.1588,47.5277,0.0,0.0,1.4667
2893,61.1111,10.1455,48.4588,0.0,0.0,1.5556
2894,66.6667,10.9016,48.2326,7.1429,0.1429,1.8571
2895,66.1458,10.3831,48.4371,0.0,0.0,1.8125
2896,59.375,13.945,47.6789,12.0,0.1875,1.375
2897,90.0,4.5871,47.4482,5.0,0.0667,1.2667
2898,52.0833,20.318,46.5092,17.6471,0.25,1.1667
2899,63.5417,13.8666,46.6528,0.0,0.0,1.5
2900,64.1026,12.385,46.9882,0.0,0.0,1.6154
2901,51.6667,12.67,46.9448,0.0,0.0,1.6
2902,78.125,6.3001,48.2707,0.0,0.0,1.375
2903,62.5,14.3569,48.0707,0.0,0.0,2.125
2904,60.0,14.6011,48.3354,0.0,0.0,1.7
2905,77.6042,6.7764,48.1056,4.0,0.0625,1.5
2906,78.5714,8.4009,47.8205,5.0,0.0714,1.3571
2907,47.9167,14.5725,46.7586,16.0,0.25,1.3125
2908,65.0,12.5576,46.4069,0.0,0.0,1.4583
2909,77.4074,8.4271,46.9053,0.0,0.0,1.8889
2910,66.0714,9.3043,47.0177,0.0,0.0,2.0
2911,72.807,10.315,48.6283,6.0606,0.1053,1.6316
2912,88.5417,4.5225,48.5901,0.0,0.0,1.4375
2913,64.6429,12.6122,47.5884,0.0,0.0,2.0
2914,65.7895,12.2166,46.8141,9.375,0.1579,1.5263
2915,65.0,7.1263,47.0559,0.0,0.0,1.9
2916,73.1481,8.785,47.3684,0.0,0.0,1.5556
2917,90.2778,4.1394,48.3197,3.3333,0.0556,1.6111
2918,64.7436,14.2756,48.9233,4.5455,0.0769,1.6154
2919,64.2857,15.5487,48.5372,14.2857,0.1429,0.8571
2920,70.0,11.8832,48.2025,0.0,0.0,1.6
2921,72.2222,9.3273,47.8363,0.0,0.0,1.8667
2922,81.3726,6.5215,47.7348,0.0,0.0,1.4706
2923,62.5,12.67,47.3001,11.1111,0.1667,1.3333
2924,76.4706,7.9249,47.1757,0.0,0.0,1.6471
2925,70.1587,9.2336,47.3631,0.0,0.0,1.7143
2926,81.9444,8.3105,47.8684,4.1667,0.0556,1.2778
2927,73.3333,9.7471,47.5984,8.6957,0.1333,1.4
2928,84.375,7.5827,47.6697,4.7619,0.0625,1.25
2929,57.7778,15.6136,47.105,9.0909,0.1333,1.3333
2930,87.5,8.1265,47.1415,0.0,0.0,1.4167
2931,58.3333,14.2814,47.8148,0.0,0.0,1.7857
2932,89.2857,4.5421,48.0494,0.0,0.0,1.4286
2933,72.2222,12.2403,47.3105,6.6667,0.1111,1.5556
2934,64.2857,13.0971,47.6598,0.0,0.0,1.4286
2935,76.875,10.1085,47.4037,3.125,0.0625,1.9375
2936,78.6458,8.2601,48.0478,0.0,0.0,1.8125
2937,46.1538,16.3841,48.5808,4.5455,0.0769,1.6154
2938,77.381,10.1784,48.4378,4.3478,0.0714,1.5714
2939,64.2857,13.4709,48.1352,5.2632,0.0714,1.2857
2940,73.3333,4.9429,48.0313,0.0,0.0,1.4
2941,88.4615,4.9368,48.1911,0.0,0.0,1.8462
2942,62.5,13.0101,48.5211,0.0,0.0,1.4375
2943,86.5079,6.1969,49.0905,0.0,0.0,1.5714
2944,70.5128,10.6352,49.0311,0.0,0.0,1.6923
2945,74.0741,8.7256,48.8326,2.9412,0.0556,1.8333
2946,73.75,10.0996,48.3012,9.6774,0.15,1.4
2947,78.5714,6.9778,48.1543,8.6957,0.1429,1.5
2948,45.2381,15.3497,48.0254,0.0,0.0,1.4286
2949,70.0,12.1036,47.3078,9.375,0.1579,1.5263
2950,70.8333,10.0984,47.5348,4.1667,0.0556,1.2778
2951,80.5556,8.1248,47.5955,0.0,0.0,2.1667
2952,68.75,12.2069,48.2784,0.0,0.0,1.75
2953,75.4902,9.8784,48.2987,0.0,0.0,1.6471
2954,75.0,8.9224,47.3266,13.3333,0.2667,1.7333
2955,62.5,14.4697,46.6594,9.5238,0.125,1.1875
2956,80.2083,8.1771,46.4346,0.0,0.0,1.9375
2957,88.4615,7.4287,46.7272,0.0,0.0,1.8462
2958,65.7407,10.9095,48.1607,3.5714,0.0556,1.5
2959,71.0784,8.871,49.0608,0.0,0.0,1.5294
2960,75.0,9.3147,49.0247,0.0,0.0,1.6667
2961,60.4167,14.9713,48.3654,5.2632,0.0625,1.125
2962,77.0833,7.6185,48.2796,3.7037,0.0625,1.625
2963,73.4375,9.5294,48.0085,3.8462,0.0625,1.5625
2964,96.875,3.2048,48.1242,0.0,0.0,1.5625
2965,66.6667,11.0809,48.8498,0.0,0.0,1.3333
2966,80.3922,10.849,48.2915,3.3333,0.0588,1.7059
2967,69.2982,12.8769,48.5405,3.125,0.0526,1.6316
2968,55.8824,13.5273,47.929,0.0,0.0,1.3529
2969,77.7778,10.4378,47.2243,4.7619,0.0667,1.3333
2970,74.4444,6.1718,47.7292,0.0,0.0,1.2667
2971,80.3922,6.153,47.935,0.0,0.0,1.3529
2972,84.8485,4.9611,48.1899,0.0,0.0,1.5455
2973,80.5556,7.026,48.6419,5.2632,0.0833,1.5
2974,70.0,8.9449,48.5684,4.0,0.0667,1.6
2975,82.4074,6.1383,48.6017,0.0,0.0,1.5
2976,60.0,12.7984,48.0356,0.0,0.0,1.6
2977,57.5556,13.6153,47.6677,3.5714,0.0667,1.8
2978,67.2222,12.922,47.3388,3.5714,0.0667,1.8
2979,71.4286,10.2774,47.033,0.0,0.0,1.5
2980,60.0,12.0499,47.552,0.0,0.0,1.5333
2981,68.5897,11.3799,47.0203,9.0909,0.1538,1.5385
2982,65.625,11.1087,47.9399,0.0,0.0,1.3125
2983,56.9444,12.8198,48.1213,4.3478,0.0833,1.8333
2984,69.4444,9.0972,48.2089,0.0,0.0,1.5
2985,58.3333,10.0573,48.9995,0.0,0.0,1.45
2986,83.3333,10.5485,48.4906,3.8462,0.0769,1.9231
2987,49.2064,14.2403,48.0926,3.0303,0.0476,1.5238
2988,75.0,7.6752,47.9531,3.3333,0.0556,1.6111
2989,90.4762,6.319,47.7734,10.0,0.1429,1.2857
2990,71.1111,13.423,47.2077,9.5238,0.1333,1.2667
2991,70.1515,9.8116,47.2378,0.0,0.0,1.6364
2992,80.1282,8.8841,47.1944,0.0,0.0,1.5385
2993,66.6667,11.8432,47.8373,0.0,0.0,2.2308
2994,60.9375,11.9712,47.4975,7.4074,0.125,1.5625
2995,66.6667,11.0536,47.5609,0.0,0.0,1.8333
2996,58.9744,14.1046,47.4689,0.0,0.0,1.8462
2997,66.1765,9.6295,46.5766,8.0,0.1176,1.3529
2998,75.5556,8.3291,46.7867,3.125,0.0667,2.0667
2999,65.4167,11.4237,46.2423,13.7931,0.25,1.5625
3000,76.4706,7.5303,46.425,4.0,0.0588,1.4118
3001,65.4762,11.2592,46.0434,0.0,0.0,1.5714
3002,65.625,11.4723,45.3266,12.0,0.1875,1.375
3003,52.7778,16.5411,45.7372,0.0,0.0,1.25
3004,65.4167,13.6822,45.2489,2.8571,0.05,1.7
3005,60.7843,11.6327,45.6388,12.0,0.1765,1.2941
3006,68.8889,10.3927,46.78,4.3478,0.0667,1.4667
3007,67.8571,10.3254,46.2289,9.5238,0.1429,1.3571
3008,69.4444,10.2592,46.3472,12.5,0.1905,1.3333
3009,59.2105,11.897,46.5595,2.9412,0.0526,1.7368
3010,67.8571,10.1383,46.9782,0.0,0.0,1.2857
3011,77.7778,6.7003,46.9562,0.0,0.0,1.1667
3012,83.3333,4.7141,47.8279,0.0,0.0,1.4
3013,45.8333,16.5263,47.3998,6.25,0.0833,1.25
3014,71.6667,11.6033,47.2596,8.6957,0.1333,1.4
3015,89.1667,4.2241,47.3128,0.0,0.0,1.7
3016,66.6667,10.8859,47.2876,3.4483,0.0526,1.4737
3017,75.0,9.4165,46.4919,5.0,0.0714,1.3571
3018,72.549,9.2076,46.9323,3.8462,0.0588,1.4706
3019,79.7619,9.6324,46.983,3.7037,0.0714,1.8571
3020,45.5556,17.2735,46.7451,13.7931,0.2667,1.6667
3021,68.75,11.9021,47.4537,4.1667,0.0625,1.4375
3022,66.6667,9.9766,47.3502,5.8824,0.0833,1.3333
3023,70.4545,7.7854,47.5935,0.0,0.0,1.4545
3024,57.2917,15.6278,48.1432,0.0,0.0,1.5
3025,74.359,4.5217,48.7289,0.0,0.0,1.6154
3026,80.8333,6.9068,49.444,0.0,0.0,1.55
3027,59.2593,14.5905,49.374,8.0,0.1111,1.2778
3028,68.75,10.8047,48.8448,0.0,0.0,2.0
3029,59.2593,12.7975,48.2054,3.3333,0.0556,1.6111
3030,63.7255,11.1427,47.7545,3.4483,0.0588,1.6471
3031,65.4762,10.6108,47.729,5.5556,0.0714,1.2143
3032,56.9444,15.4872,47.8473,6.8966,0.1111,1.5
3033,68.9394,10.3013,47.4361,8.1081,0.1364,1.5455
3034,41.6667,20.034,46.1262,7.1429,0.125,1.625
3035,78.8462,8.2147,46.093,3.8462,0.0769,1.9231
3036,73.1481,9.2389,45.4977,8.1081,0.1667,1.8889
3037,73.5294,10.8778,45.6625,3.8462,0.0588,1.4706
3038,83.3333,6.8546,47.1057,0.0,0.0,1.9286
3039,72.2222,9.5852,47.7522,2.9412,0.0476,1.5714
3040,56.0606,15.4498,47.3181,9.5238,0.1818,1.7273
3041,84.9123,7.221,48.0383,3.125,0.0526,1.6316
3042,61.4583,12.3622,48.3327,0.0,0.0,1.75
3043,75.5556,8.1392,47.9101,7.4074,0.1333,1.6667
3044,40.0,21.1718,47.893,6.25,0.0667,1.0
3045,63.5417,13.5401,47.9407,4.1667,0.0625,1.4375
3046,65.6863,12.0978,47.7991,3.7037,0.0588,1.5294
3047,76.3158,8.8954,48.3184,3.4483,0.0526,1.4737
3048,73.0769,8.5985,48.7981,0.0,0.0,1.3077
3049,83.3333,6.5965,48.9207,0.0,0.0,1.6111
3050,61.6667,13.018,49.0664,0.0,0.0,1.7
3051,88.2353,5.4483,48.6413,8.3333,0.1176,1.2941
3052,68.75,8.654,48.7367,4.5455,0.0625,1.3125
3053,90.625,4.2609,48.7164,0.0,0.0,1.1875
3054,54.1667,15.8642,48.3841,4.3478,0.0625,1.375
3055,77.2727,8.0515,48.4298,0.0,0.0,1.2727
3056,65.5556,12.1903,48.592,3.8462,0.0667,1.6667
3057,88.6364,5.9966,48.4163,5.8824,0.0909,1.4545
3058,71.5686,10.2657,48.0242,3.4483,0.0588,1.6471
3059,78.2051,11.1946,47.3641,15.7895,0.2308,1.2308
3060,66.4583,12.0786,47.4952,3.2258,0.0625,1.875
3061,84.3137,6.7404,48.2426,6.25,0.1176,1.7647
3062,78.5714,8.3404,49.0655,0.0,0.0,1.7143
3063,88.4615,5.7292,48.6641,10.5263,0.1538,1.3077
3064,57.1429,15.066,48.6406,0.0,0.0,1.3571
3065,87.5,5.4277,48.9271,0.0,0.0,1.5
3066,71.7949,8.2544,49.3135,0.0,0.0,1.8462
3067,84.375,5.9668,48.5872,8.3333,0.125,1.375
3068,66.6667,9.3905,48.1847,2.9412,0.0476,1.5714
3069,83.3333,6.5894,48.0856,0.0,0.0,1.6
3070,81.25,6.8144,48.1127,0.0,0.0,1.8125
3071,65.0,9.6534,48.7888,0.0,0.0,1.5
3072,69.0476,8.6748,49.3299,4.5455,0.0714,1.5
3073,63.8889,16.4903,48.0693,12.0,0.1667,1.2222
3074,61.9048,12.9496,46.2067,11.7647,0.1905,1.4286
3075,51.4706,15.3672,45.5801,11.5385,0.1765,1.3529
3076,72.9167,11.2354,45.691,4.3478,0.0833,1.8333
3077,63.0952,14.9367,45.1866,6.6667,0.1429,2.0
3078,68.0556,11.9197,45.0591,6.25,0.1111,1.6667
3079,56.4706,12.6953,45.3019,10.0,0.1765,1.5882
3080,71.875,7.54,45.6349,0.0,0.0,1.3125
3081,63.4259,10.5942,46.428,0.0,0.0,1.7778
3082,84.359,6.2435,48.0402,0.0,0.0,2.0769
3083,64.0351,12.9454,47.8541,6.4516,0.1053,1.5263
3084,74.4444,8.495,47.3648,8.0,0.1333,1.5333
3085,60.1191,11.8736,46.8181,11.1111,0.2143,1.7143
3086,74.5098,7.7016,46.7859,4.7619,0.0588,1.1765
3087,55.3922,11.0054,48.0467,0.0,0.0,1.4706
3088,84.2593,5.881,48.7002,0.0,0.0,1.5
3089,75.9259,6.9863,48.8204,3.5714,0.0556,1.5
3090,86.1111,3.7582,49.1403,0.0,0.0,1.25
3091,71.5686,9.786,48.8618,0.0,0.0,1.8235
3092,71.6667,10.8596,48.8103,0.0,0.0,1.5
3093,67.7778,10.441,49.171,9.0909,0.1333,1.3333
3094,82.6923,5.7532,48.8873,0.0,0.0,1.4615
3095,61.1111,12.2454,49.1012,0.0,0.0,1.2667
3096,74.5098,6.1126,49.0501,4.3478,0.0588,1.2941
3097,62.1212,11.1147,48.6023,5.8824,0.0909,1.4545
3098,91.6667,2.8195,49.0758,0.0,0.0,1.8889
3099,60.0,10.5909,48.8944,4.1667,0.0667,1.5333
3100,72.2222,11.1392,48.8983,3.3333,0.0556,1.6111
3101,83.3333,7.1578,48.9533,4.5455,0.0667,1.4
3102,68.3333,8.8838,48.5165,0.0,0.0,1.8125
3103,80.0,8.7259,48.3482,3.7037,0.0667,1.7333
3104,77.0833,5.3474,48.3569,0.0,0.0,1.4375
3105,85.8974,2.9386,48.6547,0.0,0.0,1.3846
3106,68.1818,11.1672,48.6592,0.0,0.0,1.5455
3107,63.3333,12.1257,48.5979,0.0,0.0,1.3333
3108,62.5,12.1414,49.162,8.6957,0.1429,1.5
3109,69.2982,11.1291,49.0754,9.6774,0.1579,1.4737
3110,71.6667,9.9282,48.0428,6.4516,0.1,1.45
3111,58.9744,12.6358,48.1861,0.0,0.0,1.9231
3112,74.5614,8.4277,48.516,0.0,0.0,1.4737
3113,78.8889,8.7026,48.7231,0.0,0.0,1.8
3114,91.6667,4.0818,49.1473,9.5238,0.1333,1.2667
3115,68.6275,12.6489,48.4125,12.5,0.1765,1.2353
3116,75.3788,9.6533,47.7772,5.5556,0.0909,1.5455
3117,64.881,13.1655,47.1905,8.6957,0.1429,1.5
3118,83.3333,4.4616,47.9364,4.0,0.0714,1.7143
3119,62.2549,12.8656,48.4473,9.6774,0.1765,1.6471
3120,71.6667,9.2694,47.3503,5.5556,0.1,1.7
3121,72.1429,9.9299,47.3595,4.1667,0.0714,1.6429
3122,77.6316,7.1985,47.0013,11.1111,0.1579,1.2632
3123,72.0238,8.3151,47.5839,0.0,0.0,2.1429
3124,83.9216,5.7166,48.2625,0.0,0.0,1.6471
3125,83.3333,8.9699,48.9927,0.0,0.0,1.6923
3126,83.3333,6.4672,48.735,8.0,0.1429,1.6429
3127,78.7037,7.7928,47.755,6.25,0.1111,1.6667
3128,62.5,13.237,47.2739,5.5556,0.0714,1.2143
3129,55.9524,15.1069,47.2835,2.9412,0.0476,1.5714
3130,53.7037,12.3087,47.3613,7.6923,0.1111,1.3333
3131,84.375,4.6926,47.9167,4.5455,0.0625,1.3125
3132,78.2051,11.8503,48.61,0.0,0.0,1.4615
3133,68.8597,9.7621,48.7018,0.0,0.0,1.5263
3134,78.0702,7.1414,49.1255,0.0,0.0,1.7368
3135,58.3333,12.5268,48.4477,15.0,0.25,1.4167
3136,59.375,11.3829,47.8294,9.5238,0.125,1.1875
3137,77.7778,7.7011,48.1352,0.0,0.0,1.4
3138,78.2051,8.7645,48.1623,6.25,0.0769,1.1538
3139,63.8889,13.632,48.1486,4.0,0.0667,1.6
3140,81.25,11.6375,48.371,8.3333,0.125,1.375
3141,65.7895,9.4242,49.3448,0.0,0.0,1.5263
3142,71.4286,10.3379,49.1067,4.3478,0.0714,1.5714
3143,69.4444,11.1482,49.3404,0.0,0.0,1.3889
3144,54.4445,15.2298,49.0541,6.6667,0.1333,1.8667
3145,84.5238,7.1522,48.9387,0.0,0.0,1.7857
3146,80.3922,6.4136,49.1448,0.0,0.0,1.4118
3147,45.8333,15.1145,48.5215,7.1429,0.0833,1.0833
3148,54.1667,17.1347,47.7755,11.7647,0.1667,1.25
3149,83.3333,6.2843,48.3468,0.0,0.0,1.5333
3150,86.6667,7.1587,48.2107,0.0,0.0,1.5333
3151,61.1111,11.7232,48.3764,3.0303,0.0476,1.5238
3152,56.4815,12.8404,49.0008,0.0,0.0,1.4444
3153,77.7778,9.5637,48.353,6.6667,0.1333,1.8667
3154,63.7255,9.2064,48.2971,0.0,0.0,1.5882
3155,57.2917,14.0666,47.269,12.5,0.1875,1.3125
3156,64.2857,11.3502,47.3848,0.0,0.0,1.3571
3157,78.9474,9.2193,48.0997,0.0,0.0,1.6316
3158,83.7121,6.878,48.5012,0.0,0.0,1.5909
3159,76.6667,9.3979,49.0208,5.8824,0.1,1.6
3160,45.5556,16.3967,48.5236,3.7037,0.0667,1.7333
3161,75.9804,6.0916,48.6508,0.0,0.0,2.0588
3162,85.1852,4.0163,48.5799,0.0,0.0,1.3889
3163,75.2941,9.7535,48.731,7.1429,0.1176,1.5294
3164,57.0833,9.9929,48.9274,0.0,0.0,1.6
3165,64.8148,11.8697,48.7705,0.0,0.0,2.1111
3166,80.3509,7.8364,48.1221,3.0303,0.0526,1.6842
3167,64.4445,10.6309,47.833,11.1111,0.2,1.6
3168,76.1111,7.434,47.6875,6.0606,0.1333,2.0667
3169,81.25,6.0892,47.711,0.0,0.0,1.125
3170,74.5098,8.5261,48.1911,0.0,0.0,1.4706
3171,82.8431,4.8365,49.1607,0.0,0.0,1.5882
3172,60.0,12.6418,48.0567,10.3448,0.15,1.3
3173,80.7692,6.5962,48.1935,0.0,0.0,1.3077
3174,63.7255,8.0371,48.5466,0.0,0.0,1.5882
3175,78.5088,6.9956,48.1397,0.0,0.0,1.6842
3176,71.5686,10.0867,49.3712,0.0,0.0,1.4118
3177,72.2222,12.0338,49.3559,0.0,0.0,1.5833
3178,85.7143,4.7634,49.6032,0.0,0.0,1.3571
3179,71.875,10.4251,49.7347,0.0,0.0,1.4375
3180,72.7273,7.9509,49.6541,0.0,0.0,1.2727
3181,61.6667,9.0494,49.6314,3.8462,0.0667,1.6667
3182,67.8571,12.1139,48.1175,16.6667,0.2143,1.0714
3183,72.2222,9.5122,47.0821,6.4516,0.1111,1.6111
3184,52.381,18.7238,46.6139,5.0,0.0714,1.3571
3185,83.5417,4.11,46.3597,0.0,0.0,1.6875
3186,67.5926,11.1398,47.6763,3.0303,0.0556,1.7778
3187,76.1905,11.4252,47.2901,9.0909,0.1429,1.4286
3188,42.8571,17.1794,47.4963,10.5263,0.1429,1.2143
3189,76.6667,8.5796,47.1393,5.5556,0.0667,1.1333
3190,100.0,0.8311,47.8376,0.0,0.0,1.4167
3191,84.2857,6.6572,48.1784,3.8462,0.0714,1.7857
3192,82.3529,5.8582,48.9564,0.0,0.0,1.4706
3193,75.3968,7.5098,49.7605,0.0,0.0,1.5714
3194,77.7778,10.5517,50.0697,0.0,0.0,1.6667
3195,53.3333,11.5784,49.6886,3.7037,0.0667,1.7333
3196,69.6078,11.1927,48.8731,7.4074,0.1176,1.4706
3197,58.3333,13.1665,47.3674,12.0,0.2,1.4667
3198,68.75,11.2325,47.0035,4.5455,0.0625,1.3125
3199,66.6667,10.9246,47.4621,2.9412,0.05,1.65
3200,76.4706,9.2301,47.4638,12.0,0.1765,1.2941
3201,87.5,5.1827,48.4893,0.0,0.0,1.9286
3202,78.8462,8.5976,48.1068,0.0,0.0,2.1538
3203,67.7083,10.8928,48.6184,0.0,0.0,1.6875
3204,74.5833,8.2717,48.5665,3.5714,0.0625,1.6875
3205,67.5926,8.3833,48.4905,8.0,0.1111,1.2778
3206,59.375,13.1088,48.545,0.0,0.0,1.75
3207,85.641,5.6579,48.2099,0.0,0.0,2.0
3208,61.1111,13.0777,47.9757,0.0,0.0,1.6667
3209,65.5556,12.6361,48.1416,0.0,0.0,1.6
3210,75.5208,6.5354,48.0763,3.0303,0.0625,2.0
3211,63.0208,14.1396,47.4577,16.0,0.25,1.3125
3212,73.9583,7.6252,47.6576,0.0,0.0,1.375
3213,81.5789,6.4903,47.3449,3.8462,0.0526,1.3158
3214,73.8095,6.819,47.4247,0.0,0.0,1.4286
3215,68.75,13.3157,47.9579,11.7647,0.1667,1.25
3216,56.3726,10.7296,46.4688,6.25,0.1176,1.7647
3217,78.9474,8.998,46.6168,3.4483,0.0526,1.4737
3218,69.2308,8.8176,46.91,0.0,0.0,1.3846
3219,61.5385,11.6435,46.8167,0.0,0.0,1.6923
3220,71.875,11.5707,47.2449,9.5238,0.125,1.1875
3221,60.1852,13.272,47.5157,4.1667,0.0556,1.2778
3222,80.0,7.481,47.3564,0.0,0.0,1.4
3223,63.4615,11.4476,46.7727,9.5238,0.1538,1.4615
3224,61.7647,13.2061,47.5664,4.0,0.0588,1.4118
3225,91.6667,4.3264,48.4701,0.0,0.0,1.6667
3226,67.8571,12.0915,48.2703,0.0,0.0,1.3571
3227,65.2941,12.8436,48.3492,4.0,0.0588,1.4118
3228,73.9583,9.3358,48.7768,3.2258,0.0625,1.875
3229,71.875,9.5511,48.7241,4.1667,0.0625,1.4375
3230,55.9524,17.0652,48.7381,10.5263,0.1429,1.2143
3231,71.4286,11.8809,48.8764,5.2632,0.0714,1.2857
3232,66.6667,10.2963,48.1997,4.7619,0.0667,1.3333
3233,72.8889,8.5253,47.5871,11.5385,0.2,1.5333
3234,67.5439,11.2915,47.6295,0.0,0.0,1.5789
3235,81.5789,8.3361,47.3479,0.0,0.0,1.4211
3236,86.1111,4.3919,48.4693,0.0,0.0,1.9167
3237,64.8148,10.6232,48.1123,3.8462,0.0556,1.3889
3238,64.7059,10.1007,47.673,7.1429,0.1176,1.5294
3239,53.3333,12.5886,47.9732,0.0,0.0,1.5333
3240,77.0833,8.6555,47.3162,4.5455,0.0625,1.3125
3241,82.9365,5.6645,48.2655,0.0,0.0,1.7143
3242,75.5556,8.3546,47.8387,4.1667,0.0667,1.5333
3243,55.5556,16.405,47.8781,4.0,0.0833,2.0
3244,70.5556,10.3613,46.142,15.625,0.3333,1.8
3245,65.0,11.6399,45.9234,2.9412,0.05,1.65
3246,83.0769,6.8133,46.9598,0.0,0.0,1.6923
3247,73.1481,8.9049,47.8251,3.5714,0.0556,1.5
3248,63.6905,15.8093,48.3513,3.5714,0.0714,1.9286
3249,57.2917,12.3462,48.4651,3.7037,0.0625,1.625
3250,68.5897,11.8386,47.918,4.5455,0.0769,1.6154
3251,76.1905,7.5041,47.8039,4.3478,0.0714,1.5714
3252,58.3333,14.7695,47.5765,8.8235,0.1667,1.7222
3253,78.2051,8.7165,47.4124,4.7619,0.0769,1.5385
3254,59.1667,11.5458,47.0,12.9032,0.2,1.35
3255,76.3158,9.952,46.4854,4.0,0.0526,1.2632
3256,73.5294,9.319,47.0814,0.0,0.0,1.2353
3257,87.8205,5.0341,46.906,0.0,0.0,1.6154
3258,74.5614,8.3408,48.0901,0.0,0.0,1.6842
3259,70.614,9.3568,47.595,6.0606,0.1053,1.6316
3260,72.9167,10.8822,47.7457,5.2632,0.0833,1.5
3261,75.0,8.4796,48.037,0.0,0.0,1.2857
3262,69.4444,12.7652,47.4432,15.3846,0.2222,1.2222
3263,73.8095,6.9411,47.3225,5.5556,0.0714,1.2143
3264,60.5556,15.5208,47.2035,12.0,0.2,1.4667
3265,75.0,8.6889,46.488,6.25,0.0833,1.25
3266,68.4211,9.458,46.8243,3.2258,0.0526,1.5789
3267,54.4445,15.5715,46.4055,4.3478,0.0667,1.4667
3268,55.5556,14.6567,45.5591,16.6667,0.2222,1.1111
3269,62.549,9.7598,47.1942,3.4483,0.0588,1.6471
3270,75.5556,7.6729,47.0679,0.0,0.0,1.8
3271,74.5098,10.3326,46.6359,4.0,0.0588,1.4118
3272,57.6923,15.9763,46.8591,6.25,0.0769,1.1538
3273,75.0,9.9489,46.8081,0.0,0.0,1.2308
3274,64.5833,10.4358,47.0737,0.0,0.0,1.5625
3275,92.0,3.6332,47.6417,0.0,0.0,1.6
3276,70.2381,10.0575,48.1574,6.4516,0.0952,1.381
3277,65.6863,8.6418,48.645,4.3478,0.0588,1.2941
3278,61.1111,13.5206,48.0528,3.7037,0.0667,1.7333
3279,69.7917,9.9304,48.1218,0.0,0.0,1.5
3280,75.0,7.2706,47.1612,4.0,0.0625,1.5
3281,75.0,6.9602,47.2929,0.0,0.0,1.4
3282,64.8148,11.4557,46.8012,7.1429,0.1111,1.4444
3283,80.9524,7.3678,47.3771,0.0,0.0,1.5714
3284,59.7222,15.8042,47.4993,5.8824,0.0833,1.3333
3285,69.2308,10.8975,47.2541,0.0,0.0,1.8462
3286,65.6863,8.355,47.726,0.0,0.0,2.1176
3287,62.963,13.8175,47.3965,3.7037,0.0556,1.4444
3288,86.25,7.5427,47.7822,0.0,0.0,1.8125
3289,79.1667,8.3029,48.3733,0.0,0.0,1.45
3290,75.9259,7.5514,48.8598,0.0,0.0,2.1111
3291,68.6275,9.7612,49.156,0.0,0.0,1.6471
3292,76.1905,9.7022,49.2531,0.0,0.0,1.8571
3293,68.8889,9.4545,48.8579,3.4483,0.0667,1.8667
3294,55.8824,13.3365,48.0946,0.0,0.0,1.3529
3295,77.6042,7.9275,47.909,0.0,0.0,1.6875
3296,75.4902,8.1825,47.4915,4.1667,0.0588,1.3529
3297,85.7143,6.9994,47.7795,3.3333,0.0476,1.381
3298,87.5,5.9421,47.9424,0.0,0.0,1.4167
3299,77.9412,8.2769,48.2661,3.5714,0.0588,1.5882
3300,73.1481,8.5598,48.7168,0.0,0.0,1.7778
3301,68.75,9.4164,48.5271,0.0,0.0,1.375
3302,69.8718,11.7852,48.6975,0.0,0.0,1.5385
3303,85.7143,4.5318,49.075,0.0,0.0,1.3571
3304,74.0741,10.191,48.4923,3.7037,0.0556,1.4444
3305,63.6364,5.4777,48.3699,0.0,0.0,1.3636
3306,84.4445,4.6861,48.8067,0.0,0.0,1.5333
3307,64.5833,11.9198,48.6991,0.0,0.0,1.3125
3308,55.8333,13.39,48.53,8.8235,0.15,1.55
3309,70.5128,11.6812,47.7845,13.6364,0.2308,1.4615
3310,67.3333,13.4339,46.6921,9.6774,0.15,1.4
3311,70.1754,9.2473,47.034,3.125,0.0526,1.6316
3312,65.4762,13.1129,47.0367,4.5455,0.0714,1.5
3313,54.4445,15.1706,48.0628,4.7619,0.0667,1.3333
3314,58.3333,14.7658,47.498,18.1818,0.2222,1.0
3315,71.1538,7.2772,46.8528,5.2632,0.0769,1.3846
3316,72.9167,9.8115,46.6857,6.8966,0.125,1.6875
3317,67.6471,11.1376,45.9595,8.0,0.1176,1.3529
3318,71.0145,10.8533,46.6308,5.8824,0.087,1.3913
3319,64.4445,13.0179,47.4908,5.0,0.0667,1.2667
3320,62.2222,13.6626,46.2646,16.6667,0.2667,1.3333
3321,63.1579,12.4993,46.2296,6.4516,0.1053,1.5263
3322,60.0,8.9752,47.0135,0.0,0.0,1.6
3323,76.6667,10.0405,46.4403,10.0,0.1333,1.2
3324,57.5397,13.0846,47.3387,3.0303,0.0476,1.5238
3325,64.4445,12.6463,47.6857,0.0,0.0,1.4
3326,65.5556,9.4735,46.866,3.7037,0.0667,1.7333
3327,63.0952,10.9054,47.6709,3.4483,0.0714,2.0
3328,78.9216,7.8326,48.388,0.0,0.0,1.7059
3329,64.5098,8.6688,49.0632,3.4483,0.0588,1.6471
3330,62.037,15.0895,47.8571,10.7143,0.1667,1.3889
3331,69.4444,11.0462,47.8769,0.0,0.0,1.6
3332,65.3846,12.4285,47.8224,0.0,0.0,1.8462
3333,55.0,15.5604,47.4906,7.1429,0.1333,1.7333
3334,77.7778,7.0688,48.493,4.5455,0.0667,1.4
3335,83.3333,7.5141,48.1268,0.0,0.0,1.875
3336,74.4444,8.6981,48.1469,0.0,0.0,1.4667
3337,62.2222,9.0666,48.3902,4.7619,0.0667,1.3333
3338,70.614,7.0103,48.0281,3.8462,0.0526,1.3158
3339,76.9841,5.5782,47.1552,12.1212,0.1905,1.381
3340,75.0,9.6972,46.2302,6.25,0.0909,1.3636
3341,87.2549,3.4091,46.8016,0.0,0.0,1.8824
3342,69.4444,11.9298,46.8509,0.0,0.0,1.6111
3343,84.6154,6.2253,47.5264,0.0,0.0,1.2308
3344,75.0,7.7193,48.6801,0.0,0.0,1.5714
3345,65.6863,9.2393,47.9263,8.3333,0.1176,1.2941
3346,86.4583,5.3656,47.7286,4.3478,0.0625,1.375
3347,78.7879,12.0217,47.6032,6.25,0.0909,1.3636
3348,80.7692,6.276,47.717,0.0,0.0,1.4615
3349,70.5882,11.2818,47.2554,3.5714,0.0588,1.5882
3350,73.3333,8.0809,47.577,0.0,0.0,1.65
3351,77.7778,6.9285,47.8586,4.5455,0.0667,1.4
3352,63.5294,12.1982,47.9872,0.0,0.0,1.4706
3353,76.8519,9.499,48.4928,3.2258,0.0556,1.6667
3354,75.5556,11.9572,47.8908,4.0,0.0667,1.6
3355,75.0,9.407,48.052,5.0,0.0714,1.3571
3356,60.4167,12.0733,48.0959,0.0,0.0,1.1875
3357,58.3333,14.3157,47.4766,12.0,0.1667,1.2222
3358,79.2157,9.2124,46.3014,13.3333,0.2353,1.5294
3359,56.4815,14.4348,45.2317,13.3333,0.2222,1.4444
3360,78.5714,10.4595,46.3797,0.0,0.0,1.2857
3361,70.5128,8.2039,46.0543,5.0,0.0769,1.4615
3362,62.037,14.1927,46.3508,7.1429,0.1111,1.4444
3363,69.6078,8.5192,47.0304,3.4483,0.0588,1.6471
3364,71.875,9.5882,46.3523,4.7619,0.0625,1.25
3365,62.5,10.2889,46.0708,4.5455,0.0625,1.3125
3366,69.8413,10.7092,46.3774,5.5556,0.0952,1.619
3367,55.1282,13.1166,46.4695,0.0,0.0,1.5385
3368,87.5,5.7639,47.5803,0.0,0.0,2.0
3369,88.5417,3.7718,48.808,0.0,0.0,1.9375
3370,79.5833,7.6267,49.0657,2.8571,0.05,1.7
3371,68.6667,13.7692,48.3525,8.0,0.1333,1.5333
3372,79.6296,6.8297,47.9536,0.0,0.0,1.6111
3373,65.4762,9.9561,48.2898,0.0,0.0,1.7143
3374,78.125,8.9843,48.9811,3.7037,0.0625,1.625
3375,90.2778,4.7121,48.993,0.0,0.0,1.75
3376,76.0417,10.3924,49.0333,8.3333,0.125,1.375
3377,73.5294,8.2844,48.276,0.0,0.0,1.6471
3378,72.2222,10.4932,47.9651,5.2632,0.0833,1.5
3379,64.7059,10.145,47.862,0.0,0.0,1.5294
3380,82.3529,6.9378,48.0462,0.0,0.0,1.4118
3381,55.5556,13.619,47.2269,16.6667,0.2667,1.3333
3382,68.4524,11.2346,46.759,12.5,0.2143,1.5
3383,79.902,6.5118,46.4713,0.0,0.0,1.7647
3384,86.6667,6.7104,46.4272,3.125,0.05,1.55
3385,65.3846,12.1334,46.8553,19.0476,0.3077,1.3077
3386,64.2857,12.2357,46.7754,5.5556,0.0714,1.2143
3387,69.2982,11.6447,46.6665,6.8966,0.1053,1.4211
3388,96.9697,2.8232,46.9919,0.0,0.0,1.3636
3389,63.3333,11.7476,46.9075,0.0,0.0,1.5333
3390,84.7222,5.8646,48.2221,0.0,0.0,1.4167
3391,67.5,9.4459,48.1224,6.4516,0.1,1.45
3392,77.0833,8.0668,47.4509,7.4074,0.125,1.5625
3393,75.0,10.4016,47.7612,0.0,0.0,1.3889
3394,64.1176,12.1936,48.0397,0.0,0.0,1.6471
3395,78.2222,7.8838,47.8129,7.1429,0.1333,1.7333
3396,79.4118,9.6817,48.0868,0.0,0.0,1.4706
3397,73.0769,9.3114,47.8717,0.0,0.0,1.3077
3398,81.25,7.3549,48.1323,0.0,0.0,1.125
3399,87.5,4.3017,48.4947,0.0,0.0,1.5
3400,74.7917,9.8614,47.9748,0.0,0.0,1.75
3401,58.7719,14.6185,47.5829,3.2258,0.0526,1.5789
3402,78.125,7.713,47.3124,10.5263,0.125,1.0625
3403,63.5417,10.7386,46.8643,3.7037,0.0625,1.625
3404,91.1765,4.2296,47.5887,0.0,0.0,1.5882
3405,76.0417,7.1387,48.3844,0.0,0.0,1.5625
3406,60.7843,13.7358,48.4168,5.0,0.0588,1.1176
3407,64.9123,12.639,47.5283,6.6667,0.1053,1.4737
3408,76.6667,4.9364,47.2992,3.125,0.05,1.55
3409,80.303,6.4554,46.8786,0.0,0.0,1.5455
3410,58.3333,14.1565,47.3213,4.1667,0.0833,1.9167
3411,77.9412,8.7182,48.3269,0.0,0.0,2.1176
3412,68.6275,9.612,47.9153,3.5714,0.0588,1.5882
3413,86.0784,5.6496,48.211,3.3333,0.0588,1.7059
3414,76.6667,8.0988,48.1162,0.0,0.0,1.55
3415,88.8889,4.1377,47.9551,6.25,0.1111,1.6667
3416,60.9375,12.8934,48.3686,0.0,0.0,1.6875
3417,64.4445,11.5044,48.723,0.0,0.0,1.8
3418,60.4167,13.4288,48.1149,3.7037,0.0625,1.625
3419,55.5556,15.0619,47.941,5.0,0.0667,1.2667
3420,77.7778,6.743,47.612,4.0,0.0667,1.6
3421,64.4445,15.3713,46.7662,10.5263,0.1333,1.1333
3422,62.7451,12.2081,47.5397,0.0,0.0,1.6471
3423,79.1667,8.6628,47.7369,4.7619,0.0714,1.4286
3424,70.098,9.6676,48.266,0.0,0.0,1.7059
3425,76.8519,7.4834,47.9444,6.25,0.1111,1.6667
3426,69.4444,9.3369,47.4893,4.0,0.0556,1.3333
3427,78.8889,8.7038,46.4072,12.5,0.2,1.4
3428,64.4445,12.4965,45.7368,4.7619,0.0667,1.3333
3429,64.5833,9.3558,46.6734,0.0,0.0,1.4375
3430,65.9091,11.635,46.7499,13.3333,0.1818,1.1818
3431,63.7255,13.4434,46.8542,8.6957,0.1176,1.2353
3432,85.4167,6.3767,47.4688,0.0,0.0,1.375
3433,69.1667,11.7462,46.7371,8.3333,0.15,1.65
3434,72.6191,12.195,46.6203,0.0,0.0,1.5714
3435,76.8519,7.594,46.8838,6.8966,0.1111,1.5
3436,74.5614,9.7571,46.7415,0.0,0.0,1.6842
3437,65.625,11.2539,47.0964,8.6957,0.125,1.3125
3438,80.7692,5.1882,47.6424,0.0,0.0,1.5385
3439,76.4706,9.0472,48.2072,5.0,0.0588,1.1176
3440,63.5417,10.6903,47.5448,5.0,0.0625,1.1875
3441,78.2292,10.0082,46.9673,12.9032,0.25,1.6875
3442,58.8235,14.4483,46.0143,6.6667,0.1176,1.6471
3443,72.2222,7.9468,46.2634,3.8462,0.0556,1.3889
3444,77.2222,8.9242,46.231,4.5455,0.0667,1.4
3445,50.0,14.0595,47.4699,0.0,0.0,1.5
3446,64.8148,11.1493,48.1538,3.3333,0.0556,1.6111
3447,64.7059,13.3708,48.1786,8.3333,0.1176,1.2941
3448,70.8333,10.3973,47.9869,0.0,0.0,1.25
3449,78.5088,8.2273,48.092,0.0,0.0,1.6842
3450,77.7778,9.3616,47.4181,13.0435,0.2,1.3333
3451,82.2222,8.2081,46.6262,10.0,0.2,1.8
3452,69.8718,11.9046,46.8059,3.5714,0.0769,2.0769
3453,79.6875,6.1579,47.3395,0.0,0.0,1.8125
3454,57.8431,13.2954,48.8318,0.0,0.0,1.8235
3455,66.6667,12.6797,49.1959,3.7037,0.0556,1.4444
3456,62.2222,11.72,48.0943,12.0,0.2,1.4667
3457,83.3333,6.5326,47.5718,4.0,0.0714,1.7143
3458,64.2857,9.5582,47.1899,0.0,0.0,1.7857
3459,70.5882,11.3862,47.0357,0.0,0.0,1.3529
3460,75.0,8.3737,48.127,0.0,0.0,1.8125
3461,57.2917,13.0939,47.2833,13.0435,0.1875,1.25
3462,60.0,10.1364,46.6147,4.7619,0.0667,1.3333
3463,65.625,11.1661,46.6337,4.7619,0.0625,1.25
3464,83.3333,6.4211,46.9547,3.3333,0.0526,1.5263
3465,63.8889,14.6226,47.9596,10.5263,0.1667,1.4167
3466,82.1875,5.7484,48.561,3.3333,0.0625,1.8125
3467,57.4074,12.9944,47.8936,3.5714,0.0556,1.5
3468,66.6667,7.9786,47.6564,5.0,0.0714,1.3571
3469,52.2222,12.9549,48.0311,0.0,0.0,1.4667
3470,75.9259,6.0786,48.5939,0.0,0.0,1.3889
3471,84.7222,3.9552,49.0744,5.0,0.0833,1.5833
3472,87.5,4.6678,48.995,6.25,0.0833,1.25
3473,39.7436,17.2453,49.1292,0.0,0.0,1.3077
3474,75.4902,5.1893,49.0098,0.0,0.0,1.5294
3475,85.8333,5.0922,48.1964,2.7027,0.05,1.8
3476,85.4167,5.606,48.4187,0.0,0.0,1.4375
3477,84.7222,6.8323,48.2173,4.1667,0.0556,1.2778
3478,59.2593,10.3008,47.5184,3.2258,0.0556,1.6667
3479,68.6275,10.5723,47.7204,3.7037,0.0588,1.5294
3480,66.6667,11.0788,46.7399,14.2857,0.2143,1.2857
3481,73.5294,8.1289,46.2597,0.0,0.0,1.1765
3482,53.125,15.8956,46.4309,0.0,0.0,1.25
3483,70.5556,10.2274,47.0699,0.0,0.0,2.0667
3484,75.9259,8.7125,48.4371,0.0,0.0,1.6111
3485,68.75,9.814,48.7459,4.3478,0.0625,1.375
3486,64.881,9.7851,48.5364,0.0,0.0,1.5714
3487,72.2222,11.0619,48.8267,0.0,0.0,1.5
3488,65.6863,15.1189,48.0849,3.5714,0.0588,1.5882
3489,63.8889,13.4671,47.8654,4.7619,0.0556,1.1111
3490,81.1111,7.0701,48.1739,0.0,0.0,1.3333
3491,71.2121,11.2622,48.7197,2.8571,0.0455,1.5455
3492,78.2051,8.3519,48.4567,4.3478,0.0769,1.6923
3493,60.7143,14.9889,48.7588,6.8966,0.1429,1.9286
3494,76.1111,8.9537,47.98,6.8966,0.1333,1.8
3495,58.75,12.95,47.5088,8.1081,0.15,1.7
3496,77.1429,8.1108,47.6821,0.0,0.0,1.5
3497,72.807,8.8581,47.3291,3.2258,0.0526,1.5789
3498,86.8056,2.536,48.2204,0.0,0.0,1.8333
3499,78.125,8.7844,48.9928,0.0,0.0,1.6875
3500,58.9744,12.7182,48.8752,4.7619,0.0769,1.5385
3501,65.5556,10.7021,47.7561,12.5,0.2,1.4
3502,64.0351,10.9489,47.8413,3.3333,0.0526,1.5263
3503,71.4286,10.5399,46.864,13.0435,0.2143,1.4286
3504,89.8148,4.5329,47.0316,0.0,0.0,1.3333
3505,86.6667,5.1173,47.995,4.5455,0.0667,1.4
3506,83.3333,6.4564,47.8064,8.3333,0.125,1.375
3507,77.381,7.9536,48.3392,12.5,0.2143,1.5
3508,41.2745,19.5338,47.2521,6.4516,0.1176,1.7059
3509,62.2807,14.8744,46.5457,10.0,0.1579,1.4211
3510,90.4762,4.4439,47.0421,0.0,0.0,1.4286
3511,58.3333,11.9229,46.9075,5.2632,0.0714,1.2857
3512,70.3704,10.121,46.6866,7.4074,0.1111,1.3889
3513,89.1667,5.3353,47.3525,0.0,0.0,1.7
3514,75.0,8.5312,48.372,0.0,0.0,1.4286
3515,62.8205,13.617,48.0678,5.5556,0.0769,1.3077
3516,61.6667,10.5941,48.7291,0.0,0.0,1.5
3517,95.8333,2.1414,49.3897,0.0,0.0,1.6875
3518,60.0,14.3617,47.7473,19.3548,0.3,1.25
3519,67.1053,13.0538,47.5809,7.4074,0.1053,1.3158
3520,75.4902,6.615,47.2525,0.0,0.0,1.4706
3521,67.5926,13.2816,46.4552,10.7143,0.1667,1.3889
3522,87.5,5.043,47.4662,0.0,0.0,1.5
3523,68.6275,11.3073,47.5477,5.2632,0.0588,1.0588
3524,68.8889,11.2525,46.9086,8.0,0.1333,1.5333
3525,59.2593,11.6488,46.8604,3.2258,0.0556,1.6667
3526,86.2745,4.5,47.5893,0.0,0.0,1.6471
3527,60.7843,12.0594,46.2242,13.0435,0.1765,1.1765
3528,73.9583,9.3142,46.8176,3.8462,0.0625,1.5625
3529,76.4706,9.9799,47.3762,0.0,0.0,1.5294
3530,62.037,10.7881,46.8415,3.8462,0.0556,1.3889
3531,71.875,10.3248,47.801,0.0,0.0,1.125
3532,73.1481,8.8481,47.8823,6.4516,0.1111,1.6111
3533,70.1754,11.9514,47.1762,6.25,0.1053,1.5789
3534,58.9744,12.7694,47.4221,8.6957,0.1538,1.6154
3535,57.6923,15.1907,47.7967,0.0,0.0,1.7692
3536,64.3519,12.486,47.8634,0.0,0.0,2.0
3537,52.3148,15.4438,46.8493,13.7931,0.2222,1.3889
3538,67.381,8.7187,45.985,4.0,0.0714,1.7143
3539,83.75,6.7126,46.5139,0.0,0.0,1.55
3540,90.7407,4.0012,46.1901,6.6667,0.1111,1.5556
3541,72.3529,7.9934,47.8465,7.1429,0.1176,1.5294
3542,55.0,13.9451,48.2757,3.5714,0.0667,1.8
3543,78.125,7.5831,48.5217,0.0,0.0,1.625
3544,47.3684,18.1443,48.3297,11.1111,0.1579,1.2632
3545,66.6667,9.1387,47.9751,4.7619,0.0714,1.4286
3546,51.1905,14.7837,48.0747,5.2632,0.0714,1.2857
3547,78.7037,6.9015,48.0719,0.0,0.0,1.6111
3548,80.0,6.1734,48.1963,4.5455,0.0667,1.4
3549,62.2222,11.2767,48.9424,0.0,0.0,1.6667
3550,67.1569,11.7542,48.6591,0.0,0.0,1.7647
3551,76.8519,8.9686,48.2597,7.4074,0.1111,1.3889
3552,74.359,9.7393,48.4984,0.0,0.0,1.3846
3553,76.1905,8.4629,48.2009,5.0,0.0714,1.3571
3554,70.2381,10.4697,48.0669,8.3333,0.1429,1.5714
3555,75.0,8.6692,47.9901,5.8824,0.0909,1.4545
3556,60.0,12.4742,47.9197,0.0,0.0,1.4
3557,73.5294,7.494,48.0349,0.0,0.0,1.2941
3558,87.5,5.0299,48.6466,0.0,0.0,1.55
3559,64.5833,11.463,49.1798,3.7037,0.0625,1.625
3560,67.9825,8.1681,48.9241,3.2258,0.0526,1.5789
3561,50.9259,15.1855,47.7879,10.7143,0.1667,1.3889
3562,65.7407,9.1302,47.9665,0.0,0.0,1.3889
3563,60.0,15.3127,47.9781,4.3478,0.0667,1.4667
3564,58.3333,12.6197,47.5587,5.8824,0.0714,1.1429
3565,81.25,8.6616,48.4356,0.0,0.0,1.25
3566,74.4444,7.4483,48.05,6.4516,0.1333,1.9333
3567,60.8333,14.1289,47.0998,10.0,0.15,1.35
3568,88.2353,4.8731,47.3747,7.1429,0.1176,1.5294
3569,80.2083,6.5987,46.5847,8.0,0.125,1.4375
3570,66.6667,10.9715,47.3386,4.5455,0.0667,1.4
3571,72.2222,9.3904,47.3416,3.4483,0.0556,1.5556
3572,84.2105,5.8608,47.5582,7.4074,0.1053,1.3158
3573,54.7619,14.5947,48.3516,5.2632,0.0714,1.2857
3574,74.5614,8.8938,48.7373,0.0,0.0,1.5263
3575,80.2083,7.9579,48.363,3.8462,0.0625,1.5625
3576,81.1111,6.4151,48.6205,0.0,0.0,1.8667
3577,67.9487,8.7023,48.3824,3.7037,0.0769,2.0
3578,63.7255,10.8629,47.4033,0.0,0.0,1.8824
3579,62.0833,13.4253,47.2633,0.0,0.0,1.625
3580,77.451,9.9842,47.7519,0.0,0.0,1.3529
3581,79.1667,5.2425,47.5298,4.0,0.0714,1.7143
3582,73.8095,9.788,47.3935,10.7143,0.2143,1.7857
3583,50.4902,18.0834,45.6575,21.875,0.4118,1.4706
3584,46.0784,17.5276,45.724,4.0,0.0588,1.4118
3585,85.1852,5.7831,45.921,6.8966,0.1111,1.5
3586,47.0588,16.3395,45.9172,10.7143,0.1765,1.4706
3587,68.75,13.7747,46.5476,9.5238,0.125,1.1875
3588,53.3333,14.8245,46.9377,0.0,0.0,1.2
3589,71.2963,9.4762,47.2504,0.0,0.0,1.5556
3590,97.2222,1.931,48.7736,0.0,0.0,1.4167
3591,70.3125,10.627,48.4202,0.0,0.0,1.6875
3592,70.0,9.5266,49.1167,6.6667,0.1,1.4
3593,55.5556,19.1614,48.5455,14.2857,0.2,1.2
3594,58.3333,11.1981,48.4057,0.0,0.0,1.3571
3595,66.6667,14.6449,48.1961,0.0,0.0,1.5294
3596,71.5278,8.5094,47.9461,0.0,0.0,1.8333
3597,45.2381,20.0433,47.2234,15.7895,0.2143,1.1429
3598,68.0952,6.8106,46.651,14.2857,0.2143,1.2857
3599,45.3125,17.2832,45.1433,12.5,0.1875,1.3125
3600,66.6667,10.87,44.9849,3.0303,0.05,1.6
3601,64.9123,13.9174,45.7125,13.7931,0.2105,1.3158
3602,62.037,12.938,46.4141,7.1429,0.1111,1.4444
3603,77.7778,7.4796,46.913,4.5455,0.0556,1.1667
3604,78.4314,7.2313,47.5481,0.0,0.0,1.4706
3605,70.2381,9.1795,47.3634,8.6957,0.1429,1.5
3606,57.1429,17.7844,47.4606,0.0,0.0,1.1429
3607,63.5417,8.3312,47.3576,0.0,0.0,1.375
3608,74.4444,5.6116,47.1309,0.0,0.0,2.0
3609,54.386,14.6922,48.2899,0.0,0.0,1.4211
3610,77.0833,8.7335,48.4799,3.5714,0.0625,1.6875
3611,79.4445,9.3562,48.4088,4.3478,0.0667,1.4667
3612,62.7451,10.2165,48.1423,3.7037,0.0588,1.5294
3613,62.037,13.4436,47.483,0.0,0.0,1.6111
3614,79.4118,7.3429,47.307,4.5455,0.0588,1.2353
3615,62.2222,13.0995,47.1557,4.5455,0.0667,1.4
3616,72.5,10.7808,47.4282,0.0,0.0,1.55
3617,73.3333,8.4802,48.1976,0.0,0.0,1.6
3618,81.6667,9.7839,48.0259,7.1429,0.1333,1.7333
3619,79.7619,7.3887,48.026,0.0,0.0,1.7143
3620,66.6667,10.5482,47.3132,2.7027,0.0526,1.8947
3621,77.0833,7.9745,47.7738,0.0,0.0,1.5
3622,64.8148,12.7488,47.4299,4.0,0.0556,1.3333
3623,77.0833,6.9795,47.5457,0.0,0.0,1.9167
3624,67.8571,7.3532,48.3882,0.0,0.0,2.1429
3625,73.3333,8.5226,48.8609,0.0,0.0,1.5333
3626,57.2917,10.677,48.4537,0.0,0.0,1.5
3627,63.3333,10.9035,48.3312,0.0,0.0,1.6
3628,73.0769,10.0982,47.8214,4.1667,0.0769,1.7692
3629,76.3158,7.136,47.9864,0.0,0.0,1.2632
3630,85.7143,4.985,48.0332,0.0,0.0,1.3571
3631,64.4445,15.3402,47.9576,0.0,0.0,1.4
3632,57.7778,15.9203,47.9693,4.7619,0.0667,1.3333
3633,61.7647,13.207,47.6895,3.4483,0.0588,1.6471
3634,72.5,8.3372,47.885,0.0,0.0,1.45
3635,60.0,15.8969,47.8217,0.0,0.0,1.2667
3636,59.5238,16.5971,47.9283,0.0,0.0,1.4286
3637,61.2745,16.1316,47.9826,6.8966,0.1176,1.5882
3638,56.9444,15.0245,48.0222,0.0,0.0,1.5
3639,79.5238,7.8778,48.4517,0.0,0.0,1.7143
3640,59.7222,12.8647,47.9609,0.0,0.0,1.3333
3641,67.5,12.1572,48.2189,0.0,0.0,1.4
3642,86.2745,3.9232,48.5929,0.0,0.0,1.5294
3643,46.4912,16.8003,48.0671,3.2258,0.0526,1.5789
3644,64.8148,11.5109,47.8561,0.0,0.0,1.6111
3645,70.5882,9.1585,48.0045,0.0,0.0,1.1176
3646,76.4706,8.152,47.7785,0.0,0.0,1.5294
3647,72.2222,7.8907,48.1344,0.0,0.0,1.5
3648,63.5417,11.1474,47.9758,10.5263,0.125,1.0625
3649,63.7255,12.5798,47.0237,10.3448,0.1765,1.5294
3650,71.5686,10.2473,46.6238,0.0,0.0,1.7647
3651,66.6667,12.3566,45.9598,0.0,0.0,1.3889
3652,70.3704,9.0745,48.2211,7.4074,0.1111,1.3889
3653,75.0,8.5318,47.7746,3.5714,0.0667,1.8
3654,55.5556,13.757,47.287,7.4074,0.1111,1.3889
3655,73.5294,9.5033,47.6749,0.0,0.0,1.5294
3656,70.0,9.9793,47.2601,5.0,0.0667,1.2667
3657,81.4815,5.2283,47.4885,0.0,0.0,1.5556
3658,70.3704,7.8628,48.6561,0.0,0.0,1.6111
3659,76.1905,10.8582,48.9108,0.0,0.0,1.6429
3660,79.7619,4.7579,49.3909,0.0,0.0,1.6429
3661,71.875,10.3844,49.3109,3.125,0.0625,1.9375
3662,68.6275,11.6213,48.5448,3.5714,0.0588,1.5882
3663,66.6667,8.1597,47.7513,11.1111,0.2,1.6
3664,76.3158,8.5832,47.9061,3.7037,0.0526,1.3684
3665,83.3333,7.4947,47.9193,0.0,0.0,1.875
3666,76.0417,7.7058,48.501,0.0,0.0,1.9375
3667,84.375,6.5462,49.1932,0.0,0.0,1.625
3668,67.6471,13.4581,49.3037,0.0,0.0,1.5882
3669,73.1481,9.3671,49.6433,3.3333,0.0556,1.6111
3670,51.1905,16.7394,49.1782,4.5455,0.0714,1.5
3671,54.4445,14.2172,48.3762,5.2632,0.0667,1.2
3672,72.9167,12.715,48.3025,0.0,0.0,1.4375
3673,81.25,7.2828,48.5703,0.0,0.0,1.3125
3674,67.8571,12.9053,47.6007,4.7619,0.0714,1.4286
3675,57.8947,11.4022,47.6724,3.125,0.0526,1.6316
3676,73.6842,10.4149,47.0288,4.0,0.0526,1.2632
3677,73.3333,5.571,47.1596,0.0,0.0,1.3333
3678,82.1429,5.0722,48.0828,0.0,0.0,1.4286
3679,65.4762,10.9546,48.5484,0.0,0.0,1.7143
3680,67.3077,9.9646,48.642,0.0,0.0,1.3846
3681,72.381,8.944,48.5494,4.0,0.0714,1.7143
3682,63.5417,13.2362,47.4593,9.0909,0.125,1.25
3683,63.1579,13.6383,47.4137,0.0,0.0,1.4211
3684,82.4074,6.2627,46.7213,6.4516,0.1111,1.6111
3685,60.5263,13.204,46.8965,3.125,0.0526,1.6316
3686,69.4444,13.4185,47.6786,0.0,0.0,1.3333
3687,70.5882,8.1823,46.5386,12.0,0.1765,1.2941
3688,63.3333,11.7083,46.6231,4.5455,0.0667,1.4
3689,92.8571,3.1447,47.11,0.0,0.0,1.2857
3690,72.9167,12.7148,47.035,0.0,0.0,1.3125
3691,73.3333,9.5284,48.2413,0.0,0.0,2.0
3692,72.807,11.0797,48.7817,0.0,0.0,1.5263
3693,73.5294,7.9365,48.675,0.0,0.0,1.5294
3694,65.7407,10.7844,48.7373,0.0,0.0,1.5556
3695,76.1905,7.6978,48.3639,4.3478,0.0714,1.5714
3696,71.0526,9.5156,48.8168,0.0,0.0,1.5789
3697,64.8148,12.1553,48.5648,3.7037,0.0556,1.4444
3698,66.6667,12.3563,47.6566,12.5,0.1875,1.3125
3699,65.7895,13.1075,47.5609,0.0,0.0,1.4737
3700,59.375,16.584,46.0391,18.5185,0.3125,1.375
3701,70.8333,10.4032,47.0935,0.0,0.0,1.75
3702,75.0,8.5567,47.5587,4.0,0.0714,1.7143
3703,81.3542,6.597,47.3071,3.125,0.0625,1.9375
3704,80.0,5.1763,48.291,0.0,0.0,1.5333
3705,77.451,7.486,47.5793,0.0,0.0,1.4706
3706,67.3077,11.6624,47.5091,13.0435,0.2308,1.5385
3707,73.0769,9.5702,47.8461,3.8462,0.0769,1.9231
3708,74.537,7.7945,48.2104,3.125,0.0556,1.7222
3709,81.25,5.2666,48.6678,0.0,0.0,1.375
3710,77.451,8.9008,49.3307,0.0,0.0,1.6471
3711,74.4444,8.7129,49.4828,3.7037,0.0667,1.7333
3712,67.7083,15.6233,48.2107,9.0909,0.125,1.25
3713,90.625,4.2078,47.3524,5.0,0.0625,1.1875
3714,68.4211,11.3696,46.41,7.4074,0.1053,1.3158
3715,58.9744,12.4996,45.5651,9.5238,0.1538,1.4615
3716,85.5556,4.4528,45.5072,4.0,0.0667,1.6
3717,79.1667,8.3134,46.6998,6.4516,0.1,1.45
3718,57.8431,10.5411,46.1807,20.0,0.2941,1.1765
3719,72.6191,9.9348,46.8096,9.5238,0.1429,1.3571
3720,68.75,8.4145,46.2677,4.0,0.0625,1.5
3721,80.5556,8.1284,46.2484,4.7619,0.0833,1.6667
3722,65.4762,9.9539,46.7128,10.5263,0.1429,1.2143
3723,48.8095,17.3458,46.0139,12.5,0.2143,1.5
3724,83.3333,8.0037,46.2597,4.7619,0.0667,1.3333
3725,75.4386,6.8814,47.1714,3.2258,0.0526,1.5789
3726,70.0,7.7748,47.3443,3.3333,0.05,1.45
3727,68.6275,11.7787,48.2518,3.5714,0.0588,1.5882
3728,72.2222,9.6092,48.2363,4.3478,0.0556,1.2222
3729,73.5294,10.2951,47.5924,3.7037,0.0588,1.5294
3730,68.3333,11.1319,46.7269,7.6923,0.1333,1.6
3731,70.0,11.9355,45.4737,11.1111,0.1333,1.0667
3732,62.037,11.248,45.2475,4.0,0.0556,1.3333
3733,65.6863,12.0553,46.079,7.1429,0.1176,1.5294
3734,64.0351,13.5758,46.7758,4.0,0.0526,1.2632
3735,59.8039,13.5089,47.2807,3.5714,0.0588,1.5882
3736,46.875,14.1115,46.6901,7.6923,0.125,1.5
3737,71.1111,9.926,47.4379,0.0,0.0,1.6
3738,73.5294,8.3374,47.6831,3.3333,0.0588,1.7059
3739,51.8519,17.4269,47.8488,4.3478,0.0556,1.2222
3740,83.3333,8.788,49.1253,4.3478,0.0667,1.4667
3741,80.7018,6.0554,48.7148,3.2258,0.0526,1.5789
3742,62.2222,11.2998,48.3088,8.0,0.1333,1.5333
3743,66.6667,10.9111,48.4564,0.0,0.0,1.6
3744,69.0476,10.9808,48.4958,0.0,0.0,1.7143
3745,66.4912,11.7628,48.3085,0.0,0.0,1.9474
3746,57.1429,15.9347,48.5871,5.5556,0.0714,1.2143
3747,85.5556,5.1487,48.641,0.0,0.0,1.5333
3748,65.0,10.7677,47.8536,7.1429,0.1333,1.7333
3749,75.1111,10.336,47.6936,0.0,0.0,2.0
3750,68.3333,10.7694,48.2223,0.0,0.0,1.4667
3751,89.2857,3.4795,48.2229,0.0,0.0,1.4286
3752,84.2593,4.3534,48.2146,0.0,0.0,1.7778
3753,68.1818,9.2785,48.4163,0.0,0.0,1.9091
3754,80.9524,7.3663,47.7539,10.0,0.1429,1.2857
3755,92.8571,3.0051,47.7805,0.0,0.0,1.2143
3756,76.0417,8.9062,48.3918,0.0,0.0,1.4375
3757,83.3333,5.548,48.4474,4.3478,0.0714,1.5714
3758,82.3529,7.9059,49.1806,6.25,0.1176,1.7647
3759,58.3333,14.2333,48.7411,3.2258,0.05,1.5
3760,55.8824,17.0087,46.8383,17.3913,0.2353,1.1176
3761,63.0952,12.1689,46.5797,9.0909,0.1429,1.4286
3762,65.1042,10.3533,46.6066,3.8462,0.0625,1.5625
3763,60.0,12.1023,47.037,0.0,0.0,1.6
3764,75.1282,7.4665,46.3841,4.1667,0.0769,1.7692
3765,65.3846,12.9054,47.1066,11.1111,0.1538,1.2308
3766,72.2222,9.8891,47.4745,0.0,0.0,1.3889
3767,87.2549,5.0691,47.6776,0.0,0.0,1.4706
3768,65.0,7.756,48.7359,0.0,0.0,1.7
3769,73.9583,9.6607,49.0723,0.0,0.0,1.5625
3770,70.5882,11.4935,47.8497,12.5,0.1765,1.2353
3771,68.8889,10.6608,47.6088,0.0,0.0,1.6
3772,70.5556,10.7122,47.0519,8.6957,0.1333,1.4
3773,74.4444,11.8797,46.533,0.0,0.0,1.2
3774,75.4902,8.6746,47.6478,0.0,0.0,1.6471
3775,69.2982,10.5136,48.244,0.0,0.0,1.4211
3776,69.6078,10.6039,47.4777,4.0,0.0588,1.4118
3777,64.8148,11.23,47.8335,3.4483,0.0556,1.5556
3778,61.4583,12.653,47.2,6.8966,0.125,1.6875
3779,70.5882,10.1791,46.436,7.6923,0.1176,1.4118
3780,83.3333,5.5104,46.463,3.7037,0.0625,1.625
3781,59.375,11.1965,46.2842,5.0,0.0625,1.1875
3782,61.7647,11.9626,46.9089,3.5714,0.0588,1.5882
3783,75.0,9.8764,48.2628,6.8966,0.125,1.6875
3784,68.8889,11.3142,48.0532,3.8462,0.0667,1.6667
3785,69.2308,10.818,48.4769,4.5455,0.0769,1.6154
3786,61.8519,15.2838,47.7546,6.0606,0.1111,1.7222
3787,70.3125,9.7847,47.3556,0.0,0.0,1.5625
3788,76.0417,9.4946,47.3547,0.0,0.0,1.5625
3789,81.7708,5.959,47.0925,0.0,0.0,1.5625
3790,62.1212,12.0208,47.5185,0.0,0.0,1.6364
3791,62.5926,12.7233,48.1483,0.0,0.0,1.7222
3792,61.4286,13.1715,48.0455,4.0,0.0714,1.7143
3793,62.2222,10.3398,47.8165,4.0,0.0667,1.6
3794,63.8889,11.7372,47.5338,3.4483,0.0556,1.5556
3795,76.9231,8.4383,47.984,0.0,0.0,1.5385
3796,90.0,5.4569,47.8206,12.5,0.2,1.4
3797,70.3125,10.1667,47.6889,4.5455,0.0625,1.3125
3798,69.0476,8.8702,47.7864,0.0,0.0,1.4286
3799,63.5417,10.5505,47.6135,12.0,0.1875,1.375
3800,76.8519,8.2437,48.5398,0.0,0.0,1.8333
3801,78.7037,10.1882,48.9443,0.0,0.0,1.5556
3802,55.5556,15.7419,48.5555,0.0,0.0,1.4667
3803,57.7778,13.9966,48.6777,0.0,0.0,1.4667
3804,62.8205,12.9475,48.1654,4.7619,0.0769,1.5385
3805,72.7273,10.4993,48.2249,0.0,0.0,1.4545
3806,69.983,11.364,47.9424,7.6923,0.1429,1.7143
3807,67.7083,13.5387,46.9844,8.6957,0.125,1.3125
3808,83.3333,7.2183,47.2099,0.0,0.0,1.3889
3809,68.4211,9.2368,47.3981,3.3333,0.0526,1.5263
3810,71.9298,11.2492,47.7065,3.125,0.0526,1.6316
3811,47.0588,14.9636,47.345,0.0,0.0,1.3529
3812,54.902,15.8885,46.9821,0.0,0.0,1.5294
3813,61.9048,9.7877,47.9879,0.0,0.0,1.5
3814,72.9167,9.8865,47.041,8.3333,0.125,1.375
3815,75.0,7.6523,47.4345,4.3478,0.0625,1.375
3816,61.4583,15.1069,47.7121,0.0,0.0,1.5625
3817,79.386,10.4283,47.2721,10.3448,0.1579,1.3684
3818,65.6863,10.3824,47.6433,3.8462,0.0588,1.4706
3819,68.3333,10.5129,47.6135,0.0,0.0,1.5333
3820,66.6667,11.7605,47.7085,0.0,0.0,1.6667
3821,80.3922,7.3003,47.7846,0.0,0.0,1.5882
3822,70.5882,10.1018,48.4566,0.0,0.0,1.5294
3823,80.2083,8.0908,48.4327,4.0,0.0625,1.5
3824,91.1111,4.3793,48.1182,0.0,0.0,1.4667
3825,50.0,19.1247,46.4701,9.375,0.1765,1.7059
3826,65.1961,13.4538,45.8936,10.0,0.1765,1.5882
3827,64.1026,13.6235,45.1767,0.0,0.0,1.6923
3828,75.7407,7.2282,46.4822,2.8571,0.0556,1.8889
3829,80.7692,6.5983,46.9365,0.0,0.0,1.3846
3830,68.4211,10.8273,47.3969,4.1667,0.0526,1.2105
3831,71.7949,10.0214,47.2476,4.3478,0.0769,1.6923
3832,69.6429,9.982,46.3881,3.8462,0.0714,1.7857
3833,72.037,7.8728,46.9022,0.0,0.0,1.7222
3834,74.4444,11.1594,47.4262,4.3478,0.0667,1.4667
3835,80.0,6.6568,48.645,0.0,0.0,1.7333
3836,70.0,7.3251,48.6143,8.0,0.1333,1.5333
3837,80.0,7.9343,48.2841,0.0,0.0,1.4
3838,57.1429,12.4393,48.1678,4.7619,0.0714,1.4286
3839,62.2807,14.4383,48.6033,0.0,0.0,1.3158
3840,76.2821,8.0869,47.8278,9.0909,0.1538,1.5385
3841,78.8889,8.7698,48.2653,0.0,0.0,1.7333
3842,65.7407,10.6219,48.2921,3.3333,0.0556,1.6111
3843,82.3529,6.8893,48.5216,0.0,0.0,1.3529
3844,63.1944,13.3191,48.8452,9.0909,0.1667,1.6667
3845,81.3726,5.599,48.7237,3.8462,0.0588,1.4706
3846,60.0,12.5116,48.6543,0.0,0.0,1.8
3847,62.1795,13.8587,48.2426,11.1111,0.1538,1.2308
3848,75.873,9.963,48.9522,3.4483,0.0667,1.8667
3849,50.0,15.6298,47.6641,18.1818,0.25,1.125
3850,71.9298,9.0611,47.1907,0.0,0.0,1.6316
3851,65.0,11.6393,47.2649,0.0,0.0,1.45
3852,77.0833,6.7049,47.4125,4.0,0.0625,1.5
3853,62.037,12.2702,47.4529,11.1111,0.1667,1.3333
3854,76.6667,7.5684,47.964,0.0,0.0,1.6
3855,75.5556,7.2893,48.097,0.0,0.0,1.6667
3856,87.5,3.8735,49.0156,0.0,0.0,1.3125
3857,62.963,11.6576,49.295,14.2857,0.2222,1.3333
3858,76.9608,7.5548,48.163,3.5714,0.0588,1.5882
3859,78.4314,10.9543,48.5552,0.0,0.0,1.4118
3860,69.2982,12.2644,47.7391,10.7143,0.1579,1.3158
3861,60.4167,12.9124,47.9753,7.4074,0.125,1.5625
3862,65.5556,13.1421,48.1464,0.0,0.0,1.6
3863,63.3333,8.0706,48.1149,0.0,0.0,1.6667
3864,66.6667,10.8758,48.239,7.6923,0.1111,1.3333
3865,80.5556,7.7996,48.672,9.0909,0.1667,1.6667
3866,76.4706,8.4695,48.5371,0.0,0.0,1.6471
3867,82.3529,5.6555,48.3634,0.0,0.0,1.6471
3868,75.0,8.9063,48.3066,4.0,0.0625,1.5
3869,82.1429,6.9079,48.7937,0.0,0.0,1.5
3870,78.3333,8.4222,48.1892,2.7027,0.0526,1.8947
3871,73.0769,9.5495,47.9858,16.6667,0.2308,1.1538
3872,72.549,10.0456,47.6798,12.0,0.1765,1.2941
3873,59.4445,14.9523,47.4339,3.7037,0.0667,1.7333
3874,43.3333,14.2675,47.8622,3.4483,0.0667,1.8667
3875,81.5385,8.8837,47.7845,4.7619,0.0769,1.5385
3876,78.2051,6.702,48.6434,0.0,0.0,1.6154
3877,78.7037,5.793,48.4409,0.0,0.0,1.7222
3878,76.3889,7.8964,48.2604,4.7619,0.0833,1.6667
3879,87.5,5.1661,48.6197,6.8966,0.1,1.35
3880,90.9091,4.8924,48.0396,11.1111,0.1818,1.4545
3881,75.0,10.0447,47.8839,0.0,0.0,1.25
3882,61.4583,11.2287,48.2124,4.1667,0.0625,1.4375
3883,66.6667,9.754,48.2129,0.0,0.0,1.9375
3884,62.7451,14.6884,48.4639,0.0,0.0,1.5882
3885,65.625,11.2748,48.7545,0.0,0.0,1.375
3886,56.1111,14.093,47.7007,11.5385,0.2,1.5333
3887,73.5294,8.7618,47.1846,7.1429,0.1176,1.5294
3888,65.8333,12.0181,47.5871,0.0,0.0,1.6
3889,77.551,7.3074,47.3454,4.1667,0.0714,1.6429
3890,84.6154,7.4219,47.6038,0.0,0.0,1.4615
3891,77.6316,8.9641,46.8018,3.7037,0.0526,1.3684
3892,79.6296,10.6684,47.2217,0.0,0.0,1.3889
3893,65.0794,12.1125,47.4186,11.1111,0.1905,1.5238
3894,77.7778,7.8312,47.8698,4.1667,0.0667,1.5333
3895,76.4706,6.8205,47.8416,0.0,0.0,1.4118
3896,83.3333,6.4905,47.9768,0.0,0.0,1.4
3897,75.5556,11.7617,48.268,0.0,0.0,1.6
3898,62.5,12.5316,48.437,4.7619,0.0625,1.25
3899,83.3333,5.3789,48.8737,0.0,0.0,1.7647
3900,80.8824,7.4263,48.6709,3.8462,0.0588,1.4706
3901,69.6078,8.5001,48.3303,7.6923,0.1176,1.4118
3902,72.549,10.4875,48.2219,3.7037,0.0588,1.5294
3903,61.1111,11.2745,48.1371,0.0,0.0,1.7333
3904,78.125,7.9745,48.4833,4.3478,0.0625,1.375
3905,79.1667,9.3067,47.8494,4.1667,0.0625,1.4375
3906,78.5714,8.0601,47.7332,0.0,0.0,1.4286
3907,74.4444,9.7766,48.4925,0.0,0.0,1.7333
3908,73.3333,9.0697,48.6623,0.0,0.0,1.7333
3909,80.8824,6.7192,49.0813,3.4483,0.0588,1.6471
3910,76.1905,9.0508,49.2633,0.0,0.0,1.5714
3911,64.6296,13.7999,48.5287,9.0909,0.1667,1.6667
3912,89.7059,4.0088,48.4171,0.0,0.0,1.5294
3913,71.4286,8.7012,48.7539,0.0,0.0,1.7143
3914,97.2222,1.6416,49.1273,0.0,0.0,1.6111
3915,68.9394,11.4918,48.5015,5.2632,0.0909,1.6364
3916,75.9259,10.5254,48.2572,12.9032,0.2222,1.5
3917,63.0952,13.7224,46.6994,10.3448,0.2143,1.8571
3918,53.3333,17.9132,45.698,4.3478,0.0667,1.4667
3919,65.7895,12.414,45.2893,6.25,0.1053,1.5789
3920,68.3333,13.6524,44.7514,12.5,0.2,1.4
3921,50.0,18.2612,45.8756,0.0,0.0,1.4
3922,79.6875,10.8548,45.9807,8.6957,0.125,1.3125
3923,56.6667,15.0809,45.7014,13.6364,0.2,1.2667
3924,79.6875,7.0993,47.4013,10.7143,0.1875,1.5625
3925,71.875,10.2434,47.2919,0.0,0.0,1.9375
3926,78.125,8.6718,47.5031,0.0,0.0,1.5
3927,82.2917,7.1961,48.5495,4.0,0.0625,1.5
3928,87.7778,6.399,48.605,0.0,0.0,1.5333
3929,68.4524,11.0776,48.7299,0.0,0.0,1.6429
3930,82.5,8.328,48.4451,0.0,0.0,1.4
3931,52.8571,18.0629,47.6351,17.2414,0.3333,1.6
3932,64.0625,11.6074,47.6737,7.6923,0.125,1.5
3933,71.2963,11.4059,47.3188,8.0,0.1111,1.2778
3934,84.3137,6.4428,47.2249,0.0,0.0,1.5882
3935,75.0,9.1687,48.5901,0.0,0.0,1.7
3936,66.6667,9.4769,48.5833,0.0,0.0,1.4
3937,78.125,8.8336,49.6107,0.0,0.0,1.4375
3938,71.4286,11.295,48.8666,17.3913,0.2857,1.3571
3939,46.6667,17.6932,48.3231,4.1667,0.0667,1.5333
3940,63.7255,15.1621,46.6,18.5185,0.2941,1.2941
3941,63.0208,12.659,46.3783,0.0,0.0,1.625
3942,72.549,6.7136,46.4937,3.7037,0.0588,1.5294
3943,72.2222,10.3065,46.7618,4.1667,0.0556,1.2778
3944,63.3333,11.9968,47.8028,4.0,0.0667,1.6
3945,85.8974,3.2701,47.819,0.0,0.0,1.7692
3946,66.6667,10.6674,48.3221,4.0,0.0556,1.3333
3947,78.6458,9.9235,48.465,4.1667,0.0625,1.4375
3948,78.7879,9.643,48.8893,0.0,0.0,2.0
3949,73.3333,10.9033,48.0429,13.6364,0.2,1.2667
3950,71.875,10.7758,47.6333,0.0,0.0,1.6875
3951,71.7593,11.145,47.7787,0.0,0.0,1.7222
3952,64.4445,14.9734,46.6742,10.0,0.1333,1.2
3953,70.8333,9.7131,47.5116,0.0,0.0,1.8889
3954,77.7778,7.7978,48.1409,0.0,0.0,1.4
3955,78.125,8.4636,48.3183,4.3478,0.0625,1.375
3956,60.1191,12.3129,49.0919,4.0,0.0714,1.7143
3957,65.9722,11.6423,48.745,0.0,0.0,2.0
3958,58.3333,9.1963,48.3035,6.0606,0.125,1.9375
3959,77.7778,7.3351,48.5569,0.0,0.0,1.6667
3960,84.375,5.651,48.8726,0.0,0.0,1.375
3961,83.3333,6.1742,49.122,0.0,0.0,1.7857
3962,73.3333,10.6697,49.13,0.0,0.0,1.5333
3963,83.3333,6.5442,48.9841,4.1667,0.0667,1.5333
3964,83.3333,3.9225,49.1359,0.0,0.0,1.3889
3965,71.7949,10.3792,49.0129,0.0,0.0,1.6923
3966,64.5833,12.7648,49.0709,7.1429,0.125,1.625
3967,72.9167,8.9153,49.1045,0.0,0.0,1.75
3968,67.7083,9.2784,49.2713,0.0,0.0,1.3125
3969,62.1795,10.496,49.0393,4.0,0.0769,1.8462
3970,66.2037,13.2326,49.2812,3.4483,0.0556,1.5556
3971,84.1667,6.5849,49.3703,0.0,0.0,1.7
3972,65.3846,10.0275,49.044,5.8824,0.0769,1.2308
3973,76.0318,8.5135,49.0065,3.4483,0.0667,1.8667
3974,51.6667,15.0859,47.9323,9.0909,0.1333,1.3333
3975,44.7368,18.1208,47.593,3.3333,0.0526,1.5263
3976,71.9298,10.0687,47.2655,6.8966,0.1053,1.4211
3977,64.5833,10.317,46.8405,7.1429,0.125,1.625
3978,84.375,7.9053,47.2905,8.0,0.125,1.4375
3979,73.3333,8.7676,47.6035,4.7619,0.0667,1.3333
3980,74.4444,7.3533,48.0215,0.0,0.0,1.8
3981,69.7917,11.2167,47.6512,8.0,0.125,1.4375
3982,69.1176,11.1296,47.9704,0.0,0.0,1.5882
3983,68.6275,11.332,48.3545,0.0,0.0,1.5882
3984,81.1111,7.133,48.2928,0.0,0.0,1.4667
3985,71.5686,12.3296,49.3166,0.0,0.0,1.5294
3986,76.6667,6.9228,49.1992,0.0,0.0,1.6667
3987,72.6191,10.1992,48.5624,4.1667,0.0714,1.6429
3988,68.75,11.9954,48.4954,0.0,0.0,1.4375
3989,83.3333,5.9724,48.6296,0.0,0.0,1.4375
3990,68.1818,12.5011,47.9822,4.7619,0.0909,1.8182
3991,81.3726,5.4588,48.1118,0.0,0.0,1.7059
3992,71.875,8.7349,48.2006,0.0,0.0,1.6875
3993,79.6296,9.8587,47.849,3.8462,0.0556,1.3889
3994,61.1111,12.5871,47.8837,0.0,0.0,1.2667
3995,58.5833,14.5218,47.316,2.9412,0.05,1.65
3996,62.8205,6.0209,46.8599,5.8824,0.0769,1.2308
3997,60.4167,14.2875,46.5668,4.0,0.0625,1.5
3998,86.3095,5.3617,47.2377,6.8966,0.1429,1.9286
3999,52.9762,13.621,47.667,0.0,0.0,2.0714
4000,57.8571,14.0039,47.8311,4.1667,0.0714,1.6429
4001,85.7143,6.1513,47.8064,0.0,0.0,1.5714
4002,71.875,9.8006,47.9202,0.0,0.0,1.5
4003,76.9231,7.8825,47.3226,3.8462,0.0769,1.9231
4004,75.0,7.3522,48.0861,0.0,0.0,1.4
4005,46.1538,16.0996,47.8416,9.5238,0.1538,1.4615
4006,69.4444,10.3452,47.2446,8.0,0.1111,1.2778
4007,60.4167,9.723,47.612,3.5714,0.0625,1.6875
4008,70.8333,9.4737,47.3028,0.0,0.0,1.875
4009,67.7083,9.3544,47.2855,7.4074,0.125,1.5625
4010,84.375,4.3479,47.8046,0.0,0.0,1.375
4011,57.7778,12.276,47.4687,4.0,0.0667,1.6
4012,76.4706,9.3312,47.4578,3.5714,0.0588,1.5882
4013,70.4545,10.1853,46.9846,6.25,0.0909,1.3636
4014,80.102,8.5734,47.8475,0.0,0.0,1.7857
4015,75.0,7.5118,48.4722,0.0,0.0,1.5833
4016,51.3889,14.1859,48.6974,3.8462,0.0556,1.3889
4017,79.1667,7.889,48.883,4.3478,0.0625,1.375
4018,76.1905,7.9469,48.2612,0.0,0.0,1.7143
4019,83.3333,5.8722,48.1372,0.0,0.0,1.6
4020,59.8039,12.3942,48.0727,11.5385,0.1765,1.3529
4021,83.3333,6.8697,48.2263,4.7619,0.0667,1.3333
4022,66.6667,10.3305,47.5286,7.4074,0.1333,1.6667
4023,85.4167,5.8826,47.9939,0.0,0.0,1.5625
4024,77.9167,9.386,47.5163,13.3333,0.25,1.625
4025,68.9815,10.8387,47.74,0.0,0.0,1.4444
4026,67.6471,10.8188,47.7101,4.1667,0.0588,1.3529
4027,87.7778,5.8662,47.3273,0.0,0.0,1.5333
4028,68.3333,12.0706,48.0767,3.8462,0.0667,1.6667
4029,84.6154,4.8623,48.2039,0.0,0.0,1.6154
4030,82.1429,7.1941,48.3788,0.0,0.0,1.5714
4031,64.2857,12.4585,48.0887,10.5263,0.1429,1.2143
4032,71.6667,9.6172,48.208,3.5714,0.0667,1.8
4033,67.7778,8.5813,47.724,0.0,0.0,1.7333
4034,54.902,17.299,46.7262,7.1429,0.1176,1.5294
4035,81.1111,4.8484,47.5828,0.0,0.0,1.4667
4036,82.963,7.0361,48.2572,0.0,0.0,1.6111
4037,62.037,12.9634,48.0544,0.0,0.0,1.2778
4038,82.1429,5.7922,48.9285,0.0,0.0,1.5
4039,70.5882,9.1203,49.015,0.0,0.0,1.8235
4040,77.2727,7.6275,48.7049,5.5556,0.0909,1.5455
4041,59.375,12.1396,48.8796,0.0,0.0,1.875
4042,70.2778,10.6489,48.7985,3.7037,0.0833,2.1667
4043,53.5714,12.0982,47.9558,9.5238,0.1429,1.3571
4044,70.8333,10.697,48.1017,0.0,0.0,1.6875
4045,82.1429,4.0127,48.6235,0.0,0.0,1.6429
4046,72.9167,10.1941,47.7985,12.5,0.1875,1.3125
4047,57.6471,14.3747,47.4684,7.4074,0.1176,1.4706
4048,73.9583,8.4212,47.3712,0.0,0.0,1.4375
4049,54.0,14.891,46.809,6.8966,0.1333,1.8
4050,70.5882,10.4033,47.4806,3.2258,0.0588,1.7647
4051,66.6667,13.0914,48.1192,0.0,0.0,1.6
4052,61.1111,10.7689,48.7975,0.0,0.0,1.6667
4053,79.1667,7.4347,49.2885,3.8462,0.0556,1.3889
4054,61.5385,11.7654,49.4139,0.0,0.0,1.6154
4055,59.0909,12.6993,49.4661,0.0,0.0,1.3636
4056,74.7619,8.6885,49.2888,0.0,0.0,1.8667
4057,60.2941,13.1787,48.6779,3.8462,0.0588,1.4706
4058,61.7647,12.5614,48.6729,0.0,0.0,1.2941
4059,69.4444,10.1495,47.913,3.5714,0.0556,1.5
4060,70.0,11.1739,47.5346,5.2632,0.1,1.8
4061,75.0,7.872,47.7126,4.5455,0.0625,1.3125
4062,57.8431,13.7937,46.756,15.3846,0.2353,1.2941
4063,73.0769,9.5551,47.5846,0.0,0.0,1.5385
4064,79.7619,6.9815,47.631,0.0,0.0,1.7857
4065,63.5417,11.2797,48.4509,4.0,0.0625,1.5
4066,82.2917,7.6223,49.0783,0.0,0.0,1.875
4067,75.0,8.3245,49.3086,0.0,0.0,1.5
4068,62.037,13.4122,48.7964,8.0,0.1111,1.2778
4069,69.6429,11.3865,48.3175,0.0,0.0,1.5
4070,69.2308,9.1163,47.6411,0.0,0.0,1.6923
4071,76.5625,7.5779,47.1123,4.0,0.0625,1.5
4072,85.7143,4.832,47.3851,0.0,0.0,1.5714
4073,72.2222,10.1916,48.2552,0.0,0.0,1.9167
4074,73.3333,10.246,48.6507,0.0,0.0,1.4667
4075,85.4167,5.4982,49.9305,0.0,0.0,1.75
4076,76.8519,8.1154,49.9925,0.0,0.0,1.5556
4077,89.2857,3.7525,50.023,0.0,0.0,1.2857
4078,56.8421,14.6691,50.0157,0.0,0.0,1.6842
4079,83.3333,4.5534,49.9069,0.0,0.0,1.4
4080,65.625,11.4694,49.624,0.0,0.0,1.375
4081,74.4048,4.8523,49.5267,0.0,0.0,1.7143
4082,71.1538,8.3482,49.2514,0.0,0.0,1.8462
4083,76.3542,5.4601,48.7456,5.8824,0.125,2.0
4084,78.5714,9.2813,48.0867,12.5,0.2143,1.5
4085,61.1111,11.6071,47.7245,4.3478,0.0667,1.4667
4086,78.5714,6.6592,47.1886,3.8462,0.0714,1.7857
4087,60.0,15.8758,47.4659,0.0,0.0,1.5333
4088,70.0,8.7699,48.3086,0.0,0.0,1.8571
4089,81.5789,5.1666,48.7049,0.0,0.0,1.3158
4090,82.4359,6.1125,49.2909,0.0,0.0,1.9231
4091,78.8889,8.9915,49.1179,3.7037,0.0667,1.7333
4092,72.9167,8.2867,48.8686,0.0,0.0,1.75
4093,72.9167,9.5536,48.8043,4.3478,0.0625,1.375
4094,61.6667,10.7786,48.8188,0.0,0.0,1.6667
4095,65.4386,12.3097,47.7352,6.25,0.1053,1.5789
4096,90.1515,4.6222,47.5023,5.2632,0.0909,1.6364
4097,50.0,16.3287,47.3719,0.0,0.0,1.3077
4098,80.102,4.9011,48.05,0.0,0.0,1.9286
4099,62.2222,11.4701,47.7102,4.7619,0.0667,1.3333
4100,77.5,10.4574,48.7983,3.4483,0.05,1.4
4101,67.9825,10.7846,48.4376,3.7037,0.0526,1.3684
4102,80.0,7.3352,48.5249,0.0,0.0,1.9333
4103,55.5556,13.3126,48.4673,6.6667,0.1111,1.5556
4104,73.3333,10.1607,48.8442,0.0,0.0,1.4
4105,76.9231,8.1045,48.2263,9.0909,0.1538,1.5385
4106,50.9804,15.4335,47.6859,3.7037,0.0588,1.5294
4107,75.3333,10.9758,48.5748,0.0,0.0,1.8667
4108,69.1176,10.813,47.9444,3.8462,0.0588,1.4706
4109,61.7647,13.0879,48.5699,4.3478,0.0588,1.2941
4110,59.8039,11.2042,48.3196,3.8462,0.0588,1.4706
4111,56.6667,11.5611,48.5316,0.0,0.0,1.6
4112,73.0769,7.1878,48.7423,4.3478,0.0769,1.6923
4113,80.0,7.2936,48.3311,4.5455,0.0667,1.4
4114,66.6667,9.5534,48.1851,0.0,0.0,1.4667
4115,65.1515,12.3522,47.3279,4.5455,0.0909,1.9091
4116,83.3333,6.4674,47.0463,0.0,0.0,1.6875
4117,81.25,6.1932,47.6333,0.0,0.0,1.6875
4118,81.3726,4.996,47.7852,0.0,0.0,1.4118
4119,44.4444,16.4141,48.5424,5.2632,0.0667,1.2
4120,64.8333,9.5146,48.9484,2.9412,0.05,1.65
4121,63.0952,11.7067,48.1656,10.5263,0.1429,1.2143
4122,49.0196,15.4719,46.1937,17.8571,0.2941,1.3529
4123,77.381,8.8163,46.5703,0.0,0.0,1.7857
4124,75.0,9.1615,46.8514,3.4483,0.0667,1.8667
4125,44.7917,16.5693,47.2152,7.4074,0.125,1.5625
4126,83.3333,7.6155,48.7066,4.5455,0.0714,1.5
4127,73.5294,9.3118,48.4916,4.1667,0.0588,1.3529
4128,67.3077,12.0597,47.5263,7.4074,0.1538,1.9231
4129,87.7193,5.2871,47.6006,0.0,0.0,1.5263
4130,85.8974,4.6576,47.367,4.7619,0.0769,1.5385
4131,88.2353,3.4665,48.1446,0.0,0.0,1.4118
4132,64.6667,8.3863,48.18,3.3333,0.0667,1.9333
4133,64.5833,11.6715,47.8448,0.0,0.0,1.875
4134,66.6667,11.249,48.1232,3.4483,0.0588,1.6471
4135,70.0,10.0208,47.9884,0.0,0.0,1.4
4136,78.125,9.0212,48.1319,0.0,0.0,1.5
4137,66.6667,11.5065,49.0077,0.0,0.0,1.7647
4138,72.7273,11.8585,48.5232,6.25,0.0909,1.3636
4139,65.3846,10.4533,47.9614,8.3333,0.1538,1.6923
4140,65.3846,10.0623,47.3469,0.0,0.0,1.5385
4141,85.1852,5.9851,46.7494,3.8462,0.0556,1.3889
4142,64.7059,11.7235,46.7338,0.0,0.0,1.3529
4143,64.1667,11.8175,47.3193,0.0,0.0,1.65
4144,63.0952,12.0605,48.1118,0.0,0.0,1.6429
4145,70.1754,10.4082,48.4663,6.6667,0.1053,1.4737
4146,61.5385,8.076,48.49,0.0,0.0,1.3846
4147,68.8889,11.0933,48.0687,7.1429,0.1333,1.7333
4148,67.7778,12.0308,47.9725,0.0,0.0,1.4667
4149,76.0417,8.9101,47.7494,6.4516,0.125,1.8125
4150,83.7963,5.0309,47.2383,3.7037,0.0556,1.4444
4151,97.2222,2.1918,48.0083,0.0,0.0,1.3333
4152,81.1111,8.0355,48.106,4.1667,0.0667,1.5333
4153,88.8889,3.9739,48.8027,0.0,0.0,1.6
4154,86.5385,6.2155,48.4571,8.3333,0.1538,1.6923
4155,74.359,11.064,47.5922,9.0909,0.1538,1.5385
4156,80.7692,8.1076,47.3776,0.0,0.0,1.4615
4157,55.3571,14.3078,46.8155,3.8462,0.0714,1.7857
4158,75.5556,9.8554,47.8609,0.0,0.0,1.7333
4159,84.375,6.748,48.3209,0.0,0.0,1.625
4160,81.1111,8.4724,48.5303,4.3478,0.0667,1.4667
4161,70.9259,10.0434,49.2027,0.0,0.0,1.5556
4162,69.4444,10.3001,47.7599,11.5385,0.1667,1.2778
4163,59.5238,11.6492,47.5407,4.7619,0.0714,1.4286
4164,67.1296,12.2942,47.1692,2.8571,0.0556,1.8889
4165,86.3636,5.4054,47.183,0.0,0.0,1.4545
4166,73.0392,8.671,48.4642,0.0,0.0,1.8235
4167,76.7857,7.6901,48.9349,0.0,0.0,1.7857
4168,60.7143,10.3154,49.2336,0.0,0.0,1.3571
4169,74.0196,10.0966,49.1008,0.0,0.0,1.7059
4170,88.8889,5.9866,48.8176,4.5455,0.0667,1.4
4171,83.3333,6.2576,48.9771,0.0,0.0,1.5333
4172,79.4118,6.1654,48.9116,0.0,0.0,1.5294
4173,60.0,11.3986,48.1869,4.3478,0.0667,1.4667
4174,73.7778,10.4156,48.0916,0.0,0.0,2.0667
4175,65.6863,10.872,47.4353,6.25,0.1176,1.7647
4176,79.1667,7.027,47.7277,7.6923,0.125,1.5
4177,56.6667,11.7678,47.4438,8.3333,0.1333,1.4667
4178,56.4815,13.7038,47.1585,3.8462,0.0556,1.3889
4179,74.4444,9.4336,45.9944,16.0,0.2667,1.4
4180,70.4545,7.6492,45.9246,6.25,0.0909,1.3636
4181,60.5556,12.4529,46.7809,0.0,0.0,2.0
4182,77.0833,6.2457,47.8907,0.0,0.0,1.5625
4183,64.7059,12.063,48.9812,0.0,0.0,1.2941
4184,78.7037,6.7588,49.4286,0.0,0.0,1.5
4185,56.4815,12.0235,49.0952,0.0,0.0,1.7222
4186,73.3333,7.2753,48.7786,0.0,0.0,1.4
4187,67.5926,10.1851,48.2946,0.0,0.0,1.5556
4188,70.8333,10.8278,48.6671,0.0,0.0,1.5833
4189,61.6667,10.0294,47.9498,13.7931,0.2667,1.6667
4190,90.625,2.9231,48.1027,0.0,0.0,1.5625
4191,67.7778,12.7017,48.5943,3.3333,0.0667,1.9333
4192,70.098,9.4586,48.3179,0.0,0.0,1.4706
4193,61.1111,12.8752,48.6731,0.0,0.0,1.3333
4194,80.9524,6.503,48.6044,4.7619,0.0714,1.4286
4195,78.2051,9.054,47.4608,4.5455,0.0769,1.6154
4196,75.0,9.9914,47.4115,3.7037,0.0625,1.625
4197,76.3889,6.3958,47.9352,0.0,0.0,1.6667
4198,81.0606,7.4054,47.9707,0.0,0.0,2.0
4199,83.3333,5.0961,49.0617,0.0,0.0,1.5333
4200,75.5556,8.9373,49.3289,3.5714,0.0667,1.8
4201,78.125,7.7739,48.8734,0.0,0.0,1.6875
4202,73.3333,7.0191,48.5922,5.5556,0.0667,1.1333
4203,70.8772,9.8868,48.5881,0.0,0.0,1.6842
4204,81.1111,5.9741,48.1418,0.0,0.0,1.5333
4205,71.875,10.285,47.5862,0.0,0.0,1.6875
4206,86.9048,5.7494,47.9165,0.0,0.0,1.6429
4207,59.4445,13.7751,47.4478,12.0,0.2,1.4667
4208,68.9216,11.6509,47.4384,2.9412,0.0588,1.9412
4209,73.8095,11.2305,46.8904,4.7619,0.0714,1.4286
4210,80.0,7.4288,46.8315,4.5455,0.0667,1.4
4211,78.8889,8.7228,47.725,4.0,0.0667,1.6
4212,53.125,14.9557,47.7281,4.3478,0.0625,1.375
4213,78.8095,10.3651,48.4894,0.0,0.0,1.8571
4214,84.2105,5.3238,48.8158,0.0,0.0,1.3684
4215,83.5898,4.8098,48.5523,0.0,0.0,2.0
4216,70.0,9.5616,48.8551,0.0,0.0,1.8
4217,76.0417,8.8312,48.6995,6.6667,0.125,1.75
4218,79.4118,7.0258,48.8001,3.7037,0.0588,1.5294
4219,79.1667,8.8785,48.8823,4.5455,0.0625,1.3125
4220,76.8519,7.9582,49.0978,0.0,0.0,1.6667
4221,53.4722,16.1651,49.8489,0.0,0.0,1.6667
4222,87.5,4.8722,49.5384,0.0,0.0,1.3333
4223,75.3846,8.3365,48.9674,0.0,0.0,1.8462
4224,63.3333,12.7045,48.8586,4.5455,0.0667,1.4
4225,74.1667,7.6337,48.5124,3.3333,0.05,1.45
4226,74.5098,8.6206,48.5965,4.0,0.0588,1.4118
4227,64.2857,14.7561,48.6718,0.0,0.0,1.5714
4228,57.8947,14.028,48.0395,9.375,0.1579,1.5263
4229,62.5,13.13,48.0397,4.5455,0.0625,1.3125
4230,71.1111,11.07,47.7181,7.6923,0.1333,1.6
4231,70.5882,9.4125,48.427,0.0,0.0,1.5882
4232,74.4444,9.8179,48.9534,0.0,0.0,1.9333
4233,63.5417,12.8726,49.1183,0.0,0.0,1.625
4234,70.5882,9.1488,49.7446,0.0,0.0,1.3529
4235,75.4902,7.9015,49.8594,0.0,0.0,1.4118
4236,75.5556,6.8827,49.7004,0.0,0.0,1.5333
4237,82.6923,5.8493,49.7946,0.0,0.0,1.7692
4238,71.1111,11.7384,49.482,0.0,0.0,1.5333
4239,59.7222,10.6598,49.3026,0.0,0.0,1.5833
4240,49.3056,17.6774,47.4667,19.2308,0.4167,1.75
4241,61.1111,14.3311,47.1019,0.0,0.0,1.8667
4242,62.2222,15.2559,45.8551,7.6923,0.1333,1.6
4243,60.1852,14.3964,45.2228,7.6923,0.1111,1.3333
4244,85.8974,6.5635,46.4732,5.8824,0.0769,1.2308
4245,75.9649,9.0929,46.6122,2.7778,0.0526,1.8421
4246,52.5641,17.8556,46.8274,0.0,0.0,1.3846
4247,93.75,2.0867,48.2818,0.0,0.0,1.6875
4248,76.7857,8.7941,48.8595,0.0,0.0,1.7143
4249,76.6667,5.8972,49.3296,0.0,0.0,1.9333
4250,93.5714,3.6625,49.1548,4.0,0.0714,1.7143
4251,63.3333,14.4739,47.9074,21.7391,0.3333,1.2
4252,80.5556,7.5291,46.9381,7.4074,0.1111,1.3889
4253,85.8974,4.8156,47.0527,0.0,0.0,1.6154
4254,88.5965,2.776,47.581,3.4483,0.0526,1.4737
4255,80.7143,8.884,48.0365,4.7619,0.0714,1.4286
4256,74.5098,6.3545,47.9854,4.0,0.0588,1.4118
4257,62.381,13.5178,48.2584,0.0,0.0,2.0714
4258,65.625,9.1377,47.2903,3.2258,0.0625,1.875
4259,57.8431,11.3632,48.071,3.125,0.0588,1.8235
4260,60.0,8.8261,48.0057,0.0,0.0,1.4
4261,70.5882,10.8892,47.4861,4.5455,0.0588,1.2353
4262,69.6078,9.1525,48.3499,0.0,0.0,1.6471
4263,71.6667,10.5135,48.0157,14.2857,0.25,1.5
4264,77.5,8.1482,48.5178,0.0,0.0,1.75
4265,53.8462,15.4477,48.5861,9.5238,0.1538,1.4615
4266,80.5556,7.693,49.1902,0.0,0.0,1.3889
4267,62.7451,12.3855,49.1759,0.0,0.0,1.2353
4268,80.7018,6.2502,49.0462,3.2258,0.0526,1.5789
4269,92.2619,2.4874,49.5646,4.3478,0.0714,1.5714
4270,80.7018,6.3701,49.5281,3.125,0.0526,1.6316
4271,64.2857,10.6895,49.786,0.0,0.0,1.3571
4272,73.1481,8.4987,49.6859,3.125,0.0556,1.7222
4273,66.6667,9.724,49.444,0.0,0.0,1.4667
4274,84.5238,5.2237,48.9041,0.0,0.0,2.0
4275,66.2037,10.7977,48.341,0.0,0.0,1.5556
4276,83.3333,6.4376,48.3936,0.0,0.0,1.2778
4277,76.6667,7.9077,48.5381,0.0,0.0,1.4
4278,72.549,8.4738,48.4882,7.6923,0.1176,1.4118
4279,57.6923,12.1143,48.2914,0.0,0.0,1.8462
4280,56.9444,12.8371,48.3696,0.0,0.0,1.5833
4281,63.8889,11.4668,48.2995,5.5556,0.0833,1.4167
4282,89.2857,3.7443,48.7108,3.5714,0.0714,1.9286
4283,75.5556,7.7592,48.7245,0.0,0.0,1.6667
4284,81.1111,3.9879,49.3407,0.0,0.0,1.6
4285,65.6863,9.9648,48.9621,0.0,0.0,1.5294
4286,78.125,9.7678,49.1721,0.0,0.0,1.5
4287,72.6852,9.8157,48.5666,3.5714,0.0556,1.5
4288,62.8205,11.495,47.959,4.7619,0.0769,1.5385
4289,72.3529,7.6525,48.3491,0.0,0.0,1.9412
4290,83.9286,4.8312,47.8875,9.5238,0.1429,1.3571
4291,50.641,14.3177,48.4623,3.8462,0.0769,1.9231
4292,73.5714,8.5907,48.7941,3.8462,0.0714,1.7857
4293,75.5556,5.6205,48.7249,4.7619,0.0667,1.3333
4294,71.8519,9.5966,48.4641,3.3333,0.0556,1.6111
4295,84.5238,6.225,48.4252,9.0909,0.1429,1.4286
4296,67.7778,11.3607,48.3351,0.0,0.0,1.4667
4297,74.4444,11.7318,48.574,0.0,0.0,1.5
4298,76.6667,8.3046,48.6745,4.3478,0.0667,1.4667
4299,60.2381,10.9016,48.1579,3.3333,0.0714,2.0714
4300,75.9804,8.571,47.8722,2.8571,0.0588,2.0
4301,64.4445,10.5863,47.1117,7.4074,0.1333,1.6667
4302,48.9583,12.9065,47.5419,12.0,0.1875,1.375
4303,81.8627,6.0286,47.8972,4.0,0.0588,1.4118
4304,90.0,4.0475,47.5429,4.1667,0.0667,1.5333
4305,71.6667,9.3873,47.7423,10.5263,0.1667,1.4167
4306,77.2222,13.4073,47.7625,4.1667,0.0833,1.9167
4307,79.8246,8.549,47.3416,3.7037,0.0526,1.3684
4308,67.6471,12.4165,47.6763,0.0,0.0,1.2353
4309,62.963,11.5955,47.7154,0.0,0.0,1.3333
4310,80.3922,9.0494,48.3117,0.0,0.0,1.6471
4311,76.6667,7.7185,48.4473,11.5385,0.2,1.5333
4312,76.4706,6.9976,48.2399,3.3333,0.0588,1.7059
4313,62.8205,11.4999,47.7014,4.7619,0.0769,1.5385
4314,69.2708,6.976,47.9505,0.0,0.0,1.8125
4315,80.0,5.2918,47.8316,0.0,0.0,1.4667
4316,56.4706,16.4052,47.5702,12.1212,0.2353,1.7059
4317,59.2593,13.458,47.273,7.6923,0.1111,1.3333
4318,75.4902,8.4394,47.4637,0.0,0.0,1.3529
4319,86.6667,5.6967,47.6812,0.0,0.0,1.2667
4320,63.3333,12.2906,46.9688,12.0,0.2,1.4667
4321,76.4706,8.6662,47.7521,3.5714,0.0588,1.5882
4322,69.697,12.2305,47.0505,10.0,0.1818,1.6364
4323,80.5556,8.8809,46.8482,0.0,0.0,1.75
4324,67.8571,11.8644,47.344,4.3478,0.0714,1.5714
4325,61.7647,13.1295,45.8715,16.129,0.2941,1.5294
4326,70.0,9.1829,46.5913,0.0,0.0,1.6
4327,81.1111,5.4451,46.8821,0.0,0.0,1.3333
4328,79.4444,7.8507,47.3646,0.0,0.0,1.5556
4329,48.0769,19.9241,47.6014,0.0,0.0,1.6923
4330,58.125,7.5308,48.6814,0.0,0.0,1.6875
4331,78.125,9.2359,48.0658,4.0,0.0625,1.5
4332,75.0,10.2494,47.456,0.0,0.0,1.7692
4333,63.5417,16.0839,46.9009,6.25,0.125,1.875
4334,60.0,14.4006,45.6597,4.1667,0.0667,1.5333
4335,52.0833,14.2337,44.7793,12.0,0.1875,1.375
4336,63.9583,14.2813,44.375,10.3448,0.1875,1.625
4337,75.0,7.1168,45.6538,0.0,0.0,1.4375
4338,91.3889,6.8021,46.4889,0.0,0.0,2.0
4339,67.5926,13.4954,47.3175,0.0,0.0,1.3889
4340,73.6364,5.4853,48.0675,0.0,0.0,2.0909
4341,50.0,19.4586,48.1977,0.0,0.0,1.7857
4342,69.1176,10.8433,48.497,3.2258,0.0588,1.7647
4343,86.6667,4.8384,48.8453,0.0,0.0,1.6667
4344,61.1111,10.7845,48.5701,3.8462,0.0556,1.3889
4345,76.8519,9.2679,48.4738,0.0,0.0,1.6111
4346,71.5385,8.3622,48.5938,4.7619,0.0769,1.5385
4347,69.2308,9.7101,48.6282,0.0,0.0,1.3846
4348,65.1282,12.8696,48.6313,4.0,0.0769,1.8462
4349,80.3922,7.2543,48.2737,0.0,0.0,1.3529
4350,80.8333,7.6313,47.4774,10.3448,0.15,1.3
4351,73.9583,8.5924,47.0432,4.1667,0.0625,1.4375
4352,75.0,8.7507,47.2989,0.0,0.0,1.5
4353,72.6852,8.4415,47.7533,2.8571,0.0556,1.8889
4354,62.8205,11.9898,48.7285,0.0,0.0,1.6154
4355,63.3333,9.4132,49.0435,0.0,0.0,1.6667
4356,82.3529,7.5345,48.7066,4.0,0.0588,1.4118
4357,63.2353,11.7329,47.6869,6.6667,0.1176,1.6471
4358,77.6042,9.0995,46.6236,0.0,0.0,1.6875
4359,65.2778,12.9622,45.7296,4.0,0.0556,1.3333
4360,69.7917,9.3957,45.9433,0.0,0.0,1.3125
4361,92.5926,4.1668,47.1738,0.0,0.0,1.4444
4362,57.6923,9.3223,47.905,4.1667,0.0769,1.7692
4363,64.5833,12.819,49.1983,0.0,0.0,1.5
4364,65.1515,8.1027,49.4297,0.0,0.0,1.5455
4365,66.6667,13.5094,48.9493,0.0,0.0,2.0
4366,81.6667,7.1546,48.8377,0.0,0.0,1.7333
4367,65.3846,10.155,48.8776,0.0,0.0,1.6923
4368,80.3922,7.3874,49.0964,0.0,0.0,1.3529
4369,64.1026,12.3306,48.6278,6.25,0.0769,1.1538
4370,74.2105,9.4747,48.793,2.9412,0.0526,1.7368
4371,70.5128,10.4238,48.2949,5.5556,0.0769,1.3077
4372,73.5294,7.9367,47.7521,3.3333,0.0588,1.7059
4373,76.0417,8.131,47.9298,3.8462,0.0625,1.5625
4374,84.4445,4.9182,48.1259,0.0,0.0,1.9333
4375,73.2143,9.0184,48.4206,0.0,0.0,1.6429
4376,46.875,17.6138,47.8612,4.0,0.0625,1.5
4377,51.9608,15.6392,48.1593,0.0,0.0,1.5882
4378,70.5128,9.1242,47.7589,0.0,0.0,2.0
4379,75.0,7.7405,47.1899,6.4516,0.1,1.45
4380,72.7273,9.4595,47.6015,5.2632,0.0909,1.6364
4381,75.0,10.5102,46.9504,11.1111,0.1875,1.5
4382,45.8974,18.8571,46.2608,7.1429,0.1538,2.0
4383,66.1458,10.0361,47.0965,0.0,0.0,1.875
4384,66.6667,11.4718,46.8082,6.0606,0.1053,1.6316
4385,81.1111,5.1224,47.5645,0.0,0.0,1.5333
4386,59.8039,13.4141,47.4802,8.0,0.1176,1.3529
4387,81.4815,8.2139,47.9776,0.0,0.0,1.5556
4388,76.9444,6.3809,47.7952,4.7619,0.0833,1.6667
4389,77.5,7.3895,48.2483,0.0,0.0,1.75
4390,66.6667,10.7304,48.7589,0.0,0.0,1.5333
4391,70.3704,9.1048,49.3996,0.0,0.0,1.3333
4392,70.5882,8.8056,48.6428,0.0,0.0,1.2941
4393,73.1481,8.8578,48.5602,3.3333,0.0556,1.6111
4394,67.2619,11.6848,47.2437,4.0,0.0714,1.7143
4395,65.625,13.0492,46.9967,3.2258,0.0625,1.875
4396,74.359,5.6537,46.7959,5.0,0.0769,1.4615
4397,91.2037,4.388,47.1919,0.0,0.0,1.5
4398,76.6667,7.2973,48.026,0.0,0.0,1.4667
4399,83.3333,6.3212,47.8023,7.1429,0.1333,1.7333
4400,73.6842,7.4935,48.0968,0.0,0.0,1.5789
4401,77.7778,7.7263,47.9516,8.3333,0.1111,1.2222
4402,84.6154,5.8919,48.4591,0.0,0.0,1.3846
4403,71.2963,8.6374,49.148,0.0,0.0,1.5556
4404,75.0,6.2741,49.2811,0.0,0.0,1.8462
4405,75.641,7.5623,49.3837,0.0,0.0,1.5385
4406,87.5,5.5155,49.1152,5.5556,0.0833,1.4167
4407,57.3333,11.4505,48.5106,10.3448,0.2,1.7333
4408,76.9231,8.4933,48.2896,4.7619,0.0769,1.5385
4409,61.9048,10.3561,47.2285,4.1667,0.0714,1.6429
4410,70.8333,8.3961,47.8049,0.0,0.0,1.5
4411,83.125,6.1672,48.6415,4.1667,0.0625,1.4375
4412,77.451,8.9995,48.6587,0.0,0.0,1.4706
4413,72.2222,7.2574,49.7291,0.0,0.0,1.5833
4414,61.1111,11.8456,49.5068,2.7778,0.0556,1.9444
4415,76.6667,5.3956,49.5356,0.0,0.0,1.4
4416,76.1905,7.7043,49.0259,0.0,0.0,1.7143
4417,60.0,14.1983,47.8958,13.3333,0.2667,1.7333
4418,61.9048,15.716,47.2973,0.0,0.0,1.5
4419,77.5926,8.681,47.3521,0.0,0.0,1.7222
4420,62.8205,10.3276,47.521,0.0,0.0,1.6923
4421,81.1111,5.9578,48.5711,0.0,0.0,1.4667
4422,61.4583,11.2822,48.8971,0.0,0.0,1.625
4423,94.0476,4.0495,48.9918,0.0,0.0,1.7143
4424,73.3333,7.2959,48.9943,0.0,0.0,2.0714
4425,77.193,9.4782,48.8881,0.0,0.0,1.7895
4426,52.2222,14.9548,48.2808,7.6923,0.1333,1.6
4427,77.451,7.3723,47.4472,7.1429,0.1176,1.5294
4428,51.9608,16.3325,46.9152,4.0,0.0588,1.4118
4429,54.902,15.2326,46.1511,14.8148,0.2353,1.3529
4430,93.1818,4.4843,46.5032,5.0,0.0909,1.7273
4431,87.2222,4.814,47.3355,0.0,0.0,2.0
4432,73.6842,11.0415,47.3792,3.8462,0.0526,1.3158
4433,73.5294,6.8956,48.5713,4.1667,0.0588,1.3529
4434,62.963,15.3167,48.8689,7.4074,0.1111,1.3889
4435,65.625,11.836,48.4683,0.0,0.0,1.6875
4436,58.8235,11.2475,48.1133,6.8966,0.1176,1.5882
4437,81.1111,7.4517,47.6,0.0,0.0,1.8
4438,85.8974,6.3783,47.9528,0.0,0.0,1.4615
4439,79.1667,7.8059,47.7618,0.0,0.0,1.5625
4440,65.3846,12.9009,48.2279,0.0,0.0,1.6923
4441,57.8431,12.0767,48.0655,0.0,0.0,1.7059
4442,75.0,11.9387,47.4688,3.8462,0.0556,1.3889
4443,92.1569,3.7778,48.0061,4.1667,0.0588,1.3529
4444,83.3333,5.1518,47.7132,5.2632,0.0714,1.2857
4445,78.8889,6.572,48.0661,0.0,0.0,1.6667
4446,65.625,11.4322,47.5387,3.7037,0.0625,1.625
4447,80.0,6.8704,47.1846,0.0,0.0,1.9
4448,82.0513,7.4691,47.6706,0.0,0.0,1.6154
4449,76.9231,10.2715,47.2491,5.2632,0.0769,1.3846
4450,86.9048,6.6245,47.785,3.7037,0.0714,1.8571
4451,79.7619,7.6367,48.1223,0.0,0.0,1.5714
4452,67.8571,13.9226,48.1707,0.0,0.0,1.2857
4453,58.4211,14.4001,47.979,3.2258,0.0526,1.5789
4454,91.0257,3.699,48.9907,0.0,0.0,1.4615
4455,65.5556,12.5077,48.8615,0.0,0.0,1.8
4456,83.8235,5.7384,48.6851,3.5714,0.0588,1.5882
4457,60.7143,10.3604,48.5989,4.3478,0.0714,1.5714
4458,65.625,13.0973,47.1188,3.4483,0.0625,1.75
4459,57.8431,14.5315,46.7051,3.4483,0.0588,1.6471
4460,76.9231,8.9271,46.9195,0.0,0.0,1.6923
4461,72.5,10.3933,47.123,0.0,0.0,1.6875
4462,68.75,11.4651,47.6825,0.0,0.0,1.4375
4463,76.3889,7.3584,47.5421,0.0,0.0,2.0
4464,75.9259,7.8058,47.7392,3.7037,0.0556,1.4444
4465,61.5385,15.9471,48.3601,3.7037,0.0769,2.0
4466,70.5128,10.9893,48.1523,0.0,0.0,1.7692
4467,69.2982,9.3864,48.3809,0.0,0.0,1.6316
4468,64.2857,14.303,46.7209,7.6923,0.1429,1.7143
4469,74.5614,9.5992,46.0934,6.25,0.1053,1.5789
4470,75.0,7.9232,46.3899,0.0,0.0,1.5789
4471,70.0,9.4145,47.0713,0.0,0.0,1.6667
4472,50.0,19.2246,47.7687,0.0,0.0,1.4615
4473,70.2564,11.7734,48.5166,0.0,0.0,1.9231
4474,63.7255,13.1255,47.6403,4.3478,0.0588,1.2941
4475,67.5,11.009,47.6218,3.125,0.05,1.55
4476,52.2222,15.1974,47.7344,0.0,0.0,1.5333
4477,74.359,10.4338,47.0738,0.0,0.0,1.6154
4478,75.0,6.7453,47.2468,0.0,0.0,1.85
4479,62.8205,13.4864,47.0936,4.3478,0.0769,1.6923
4480,74.4444,8.5819,46.0288,8.6957,0.1333,1.4
4481,82.2222,5.222,46.8384,4.5455,0.0667,1.4
4482,73.4375,11.5831,46.3691,3.7037,0.0625,1.625
4483,77.7778,9.2306,47.0063,8.0,0.1333,1.5333
4484,81.9444,5.4571,47.8543,0.0,0.0,1.4444
4485,64.5833,11.7528,48.2279,0.0,0.0,1.4375
4486,70.5882,12.9801,48.3994,0.0,0.0,1.4706
4487,65.2778,11.571,47.9766,4.5455,0.0833,1.75
4488,60.0,12.2205,47.2551,7.6923,0.1333,1.6
4489,71.2121,10.1297,47.2491,0.0,0.0,1.5455
4490,65.1515,12.4039,46.5914,0.0,0.0,2.0
4491,63.0952,10.2443,46.6323,8.3333,0.1429,1.5714
4492,57.6923,13.1064,46.6738,0.0,0.0,1.7692
4493,82.2222,6.8272,46.9078,4.5455,0.0667,1.4
4494,50.0,12.117,47.1701,0.0,0.0,1.2308
4495,75.7407,10.9513,47.6942,3.0303,0.0556,1.7778
4496,51.3889,13.3245,47.5903,0.0,0.0,1.25
4497,54.902,14.2251,47.3384,3.125,0.0588,1.8235
4498,72.6191,10.827,47.283,0.0,0.0,1.7143
4499,73.9583,6.2078,47.6392,0.0,0.0,1.75
4500,65.625,13.3882,47.1863,13.7931,0.25,1.5625
4501,82.2222,5.5022,47.7742,0.0,0.0,1.7333
4502,54.7619,12.863,47.5429,4.3478,0.0714,1.5714
4503,76.6667,8.2802,47.2554,0.0,0.0,1.8462
4504,79.8246,7.8124,48.2371,0.0,0.0,1.5263
4505,62.7273,12.88,48.0824,0.0,0.0,1.7273
4506,71.5686,7.928,47.9745,0.0,0.0,1.6471
4507,87.9167,5.5648,48.3747,0.0,0.0,2.0833
4508,69.7917,8.5327,48.2532,3.7037,0.0625,1.625
4509,65.0,10.5171,47.5627,8.5714,0.15,1.6
4510,74.4444,8.0915,47.7791,0.0,0.0,1.6667
4511,66.6667,11.7896,47.3043,3.8462,0.0588,1.4706
4512,62.2549,11.8627,47.6257,0.0,0.0,1.6471
4513,67.5,10.0452,48.1718,4.3478,0.0833,1.8333
4514,94.1667,3.5434,48.9844,0.0,0.0,1.6667
4515,43.3333,20.2941,48.2623,0.0,0.0,1.4667
4516,66.6667,11.8441,48.1494,0.0,0.0,1.3889
4517,60.6481,16.561,46.5912,11.1111,0.1667,1.3333
4518,73.1481,10.1673,45.9305,9.6774,0.1667,1.5556
4519,58.3333,12.3737,45.6726,3.7037,0.0625,1.625
4520,70.0,8.1973,46.3126,0.0,0.0,1.9333
4521,87.1795,6.9528,46.9172,4.3478,0.0769,1.6923
4522,82.3529,6.041,47.7343,3.7037,0.0588,1.5294
4523,84.5238,5.8899,48.3042,5.0,0.0714,1.3571
4524,78.125,9.5751,48.4911,0.0,0.0,1.6875
4525,84.2593,4.744,48.8694,0.0,0.0,1.6111
4526,71.2963,8.5926,48.9103,3.8462,0.0556,1.3889
4527,65.3846,9.1797,48.7938,5.2632,0.0769,1.3846
4528,74.5614,7.5957,48.205,10.0,0.1579,1.4211
4529,79.1667,8.3587,47.8223,4.5455,0.0833,1.75
4530,78.4722,7.6673,47.7551,0.0,0.0,1.75
4531,75.7576,7.5032,47.8769,0.0,0.0,1.4545
4532,61.5385,11.0927,48.0233,0.0,0.0,1.8462
4533,75.0,7.0198,49.1388,5.0,0.0833,1.5833
4534,69.0476,8.5404,49.3001,0.0,0.0,1.5
4535,79.7619,6.925,49.4666,0.0,0.0,1.5714
4536,74.0,10.0878,48.826,0.0,0.0,1.6
4537,68.5185,13.204,48.7205,3.7037,0.0556,1.4444
4538,72.2222,6.3522,48.6807,0.0,0.0,1.4167
4539,71.6667,10.6146,48.4204,2.7778,0.0588,2.0588
4540,61.9048,10.9866,48.8989,0.0,0.0,1.3571
4541,73.3333,8.2284,49.3727,0.0,0.0,1.6667
4542,69.2708,11.5183,48.9654,0.0,0.0,2.0625
4543,72.2222,11.7424,49.0595,0.0,0.0,1.5833
4544,78.0952,9.0484,48.6782,3.7037,0.0714,1.8571
4545,62.8205,11.4109,48.7407,0.0,0.0,1.6154
4546,72.2222,9.5183,48.9036,0.0,0.0,1.4
4547,81.25,8.5077,48.6287,3.7037,0.0625,1.625
4548,58.3333,12.5174,48.3694,3.8462,0.0625,1.5625
4549,74.1026,8.4578,48.2968,0.0,0.0,1.9231
4550,74.5614,9.2694,48.448,0.0,0.0,1.7368
4551,70.8333,10.5027,48.5629,0.0,0.0,1.6875
4552,65.625,11.4573,49.1207,0.0,0.0,1.75
4553,68.6275,12.7919,48.5534,4.1667,0.0588,1.3529
4554,80.5556,7.811,47.8434,7.6923,0.1333,1.6
4555,72.6389,12.2247,46.5456,12.5,0.25,1.75
4556,58.3333,12.4952,45.801,0.0,0.0,1.8333
4557,73.6842,9.9476,45.8731,3.7037,0.0526,1.3684
4558,72.2222,9.4408,46.8244,11.5385,0.1667,1.2778
4559,70.3704,8.7519,48.0892,0.0,0.0,1.6111
4560,64.7059,10.4569,48.8807,0.0,0.0,1.7059
4561,40.1042,18.3367,48.6397,0.0,0.0,1.75
4562,61.1111,11.6333,47.4015,9.6774,0.2,1.8667
4563,66.6667,11.4555,46.7184,4.5455,0.0714,1.5
4564,78.125,6.3768,47.3882,4.0,0.0625,1.5
4565,65.4762,11.8015,47.1045,4.3478,0.0714,1.5714
4566,84.3137,7.155,48.7647,0.0,0.0,1.7059
4567,66.1765,13.1907,49.4518,0.0,0.0,1.4706
4568,61.4583,11.2684,49.016,0.0,0.0,1.4375
4569,66.6667,11.9445,48.7049,9.5238,0.1429,1.3571
4570,46.875,19.8484,48.319,3.7037,0.0625,1.625
4571,64.0625,8.9579,48.2633,0.0,0.0,1.625
4572,53.3333,16.4924,46.8399,25.0,0.5385,1.6154
4573,56.9444,12.9092,47.4643,0.0,0.0,1.5833
4574,75.0,5.6356,47.2203,0.0,0.0,1.5833
4575,71.4286,10.8268,46.8863,0.0,0.0,1.7143
4576,76.9231,8.3929,46.7299,0.0,0.0,1.5385
4577,82.0513,5.8882,47.9816,5.5556,0.0769,1.3077
4578,73.1481,9.2133,47.6256,3.2258,0.0556,1.6667
4579,77.7778,8.0754,47.5606,4.5455,0.0667,1.4
4580,88.8889,2.4867,48.7589,0.0,0.0,1.7333
4581,61.4444,8.5489,48.5572,0.0,0.0,1.7333
4582,69.0476,10.284,49.46,0.0,0.0,1.5714
4583,80.2083,7.1199,49.5633,0.0,0.0,1.875
4584,66.6667,13.5385,49.4991,0.0,0.0,1.7647
4585,90.0,6.4115,49.7994,0.0,0.0,1.9
4586,67.8571,11.8212,49.9213,0.0,0.0,1.7857
4587,77.0833,4.647,49.9287,0.0,0.0,1.375
4588,74.4444,7.6963,49.8612,0.0,0.0,1.9167
4589,62.7451,14.4333,48.8201,3.7037,0.0588,1.5294
4590,73.2143,11.6739,48.7199,0.0,0.0,1.9286
4591,71.7949,9.5586,47.522,4.7619,0.0769,1.5385
4592,58.3333,13.5182,47.5809,0.0,0.0,1.45
4593,51.5625,15.5144,46.9938,14.2857,0.25,1.5
4594,70.8333,10.1957,47.3885,4.0,0.0625,1.5
4595,68.1373,10.3757,47.2004,3.3333,0.0588,1.7059
4596,65.4762,12.017,47.3638,4.1667,0.0714,1.6429
4597,71.1538,9.3534,47.7719,0.0,0.0,1.5385
4598,83.8462,5.9631,47.6555,4.0,0.0769,1.8462
4599,64.4445,12.5348,47.4565,4.3478,0.0667,1.4667
4600,69.5652,8.7806,47.9694,0.0,0.0,1.5217
4601,73.9583,9.1856,48.577,0.0,0.0,1.625
4602,66.6667,11.0806,48.9201,0.0,0.0,1.6154
4603,87.2549,4.3459,48.8602,0.0,0.0,2.0
4604,57.7778,16.3226,47.9599,11.1111,0.2,1.6
4605,64.5833,8.4247,47.8156,0.0,0.0,1.4375
4606,73.9583,8.6989,47.7547,4.1667,0.0625,1.4375
4607,76.6667,8.2194,48.2066,3.8462,0.0667,1.6667
4608,94.4445,3.7872,49.3119,0.0,0.0,1.4667
4609,79.1667,6.9197,48.6481,3.7037,0.0556,1.4444
4610,72.6191,10.5493,49.0035,0.0,0.0,1.5
4611,79.6296,5.3054,48.6434,0.0,0.0,1.5
4612,52.5641,14.7758,48.2767,0.0,0.0,1.7692
4613,81.5625,7.2116,49.0726,0.0,0.0,1.875
4614,76.9231,9.3541,48.6285,0.0,0.0,1.5385
4615,61.1111,16.3783,48.136,9.0909,0.1667,1.6667
4616,60.7143,14.0757,47.9402,0.0,0.0,1.6429
4617,79.4872,6.732,47.6991,0.0,0.0,1.5385
4618,61.1111,14.4501,47.308,9.5238,0.1333,1.2667
4619,60.6061,15.2943,46.9234,7.1429,0.0909,1.1818
4620,62.963,11.0723,47.6408,0.0,0.0,1.9444
4621,76.1905,8.9498,47.3819,5.8824,0.0714,1.1429
4622,80.5556,7.3748,47.2178,8.8235,0.1667,1.7222
4623,80.1191,7.6676,46.7699,4.0,0.0714,1.7143
4624,78.125,8.3208,47.3611,0.0,0.0,1.625
4625,71.875,9.3917,48.4858,0.0,0.0,1.75
4626,62.8205,12.7457,48.8554,4.1667,0.0769,1.7692
4627,89.7436,6.0214,49.4907,0.0,0.0,1.7692
4628,68.8889,9.6009,49.6318,0.0,0.0,1.9167
4629,62.2807,12.3819,49.2416,0.0,0.0,1.3684
4630,93.6364,3.4461,49.6572,0.0,0.0,1.7273
4631,54.4118,15.3719,49.176,6.6667,0.1176,1.6471
4632,81.0606,7.1074,48.912,0.0,0.0,2.0909
4633,78.8889,6.4396,48.486,4.0,0.0667,1.6
4634,67.5,13.2418,48.3882,0.0,0.0,1.6
4635,78.4314,6.9646,48.4962,0.0,0.0,1.4706
4636,80.3571,6.4649,48.5028,4.5455,0.0714,1.5
4637,82.8431,5.1442,49.7287,0.0,0.0,1.7059
4638,78.0769,6.8829,48.8684,3.7037,0.0769,2.0
4639,58.3333,13.8575,48.7024,0.0,0.0,1.6667
4640,80.7692,5.4213,48.6717,0.0,0.0,1.6923
4641,79.4118,7.8928,47.9691,7.6923,0.1176,1.4118
4642,76.3158,7.5791,48.6543,0.0,0.0,1.4737
4643,85.1852,5.868,48.6048,0.0,0.0,1.6667
4644,70.5128,10.5824,48.3294,0.0,0.0,1.6923
4645,60.0,12.9505,48.7837,0.0,0.0,1.8667
4646,75.5556,10.1881,48.3686,0.0,0.0,1.7333
4647,53.9216,15.886,48.3135,7.1429,0.1176,1.5294
4648,74.4444,6.1656,48.4026,0.0,0.0,1.4667
4649,62.5,13.2574,48.1882,0.0,0.0,1.6429
4650,58.3333,15.8624,48.1512,3.7037,0.0588,1.5294
4651,54.6296,13.0214,48.1388,0.0,0.0,1.4444
4652,64.4445,12.7249,47.4652,16.6667,0.2667,1.3333
4653,64.0351,10.2715,47.1319,3.3333,0.0526,1.5263
4654,83.3333,3.2388,47.5987,0.0,0.0,1.75
4655,90.7692,3.6886,48.2984,0.0,0.0,1.8462
4656,47.7778,17.608,48.1558,13.6364,0.2,1.2667
4657,71.7949,8.8947,48.1603,0.0,0.0,1.7692
4658,59.7222,9.3146,48.0287,5.0,0.0833,1.5833
4659,74.4444,7.6967,47.3815,4.7619,0.0667,1.3333
4660,72.9167,10.6943,47.1941,4.1667,0.0625,1.4375
4661,65.3846,14.782,47.4651,0.0,0.0,1.7692
4662,55.5556,13.5908,47.9816,0.0,0.0,1.4444
4663,79.7619,7.0051,48.2634,0.0,0.0,1.4286
4664,55.0,15.588,47.1573,7.3171,0.1579,2.0
4665,45.2381,15.3462,46.8976,5.0,0.0714,1.3571
4666,80.0,3.7963,46.6257,4.0,0.0667,1.6
4667,57.1429,14.5467,47.1818,0.0,0.0,2.2143
4668,72.7273,10.6856,47.4887,0.0,0.0,1.5455
4669,46.9048,19.3504,47.9655,3.5714,0.0714,1.9286
4670,71.7949,6.4819,47.793,0.0,0.0,1.6154
4671,81.1111,5.8099,47.7313,0.0,0.0,1.3333
4672,85.3333,3.1669,48.2478,0.0,0.0,1.8
4673,85.7143,9.3036,48.8725,0.0,0.0,1.7143
4674,71.9048,8.7441,48.8094,3.8462,0.0714,1.7857
4675,70.5882,7.6915,48.3823,3.3333,0.0588,1.7059
4676,77.6042,7.4107,48.2975,0.0,0.0,1.625
4677,78.4314,6.1823,49.0697,0.0,0.0,1.5294
4678,71.1111,10.6648,48.6868,0.0,0.0,1.3333
4679,71.1111,10.376,48.7442,3.8462,0.0667,1.6667
4680,48.3333,18.9671,48.9014,0.0,0.0,2.0
4681,80.0,6.2285,48.8517,0.0,0.0,1.9091
4682,80.5556,7.0451,48.572,3.5714,0.0556,1.5
4683,70.8333,7.9722,48.2739,3.7037,0.0556,1.4444
4684,72.2222,11.2534,47.9906,0.0,0.0,1.5
4685,85.4167,5.8662,48.3542,0.0,0.0,1.625
4686,44.4444,22.1539,46.9237,11.5385,0.2,1.5333
4687,71.875,11.463,47.3928,0.0,0.0,1.8125
4688,78.8889,7.2123,47.484,0.0,0.0,1.4667
4689,62.7451,12.0207,46.9539,7.1429,0.1176,1.5294
4690,54.4445,15.4589,47.3533,7.6923,0.1333,1.6
4691,71.1111,10.289,46.4189,11.1111,0.2,1.6
4692,67.5926,10.7192,45.9388,3.8462,0.0556,1.3889
4693,81.1111,6.8326,46.6694,0.0,0.0,1.4667
4694,55.0926,17.3726,47.2542,7.1429,0.1111,1.4444
4695,50.0,13.8784,47.7742,7.4074,0.1176,1.4706
4696,59.3137,14.0219,45.905,13.7931,0.2353,1.4706
4697,80.7692,5.6293,46.3472,3.7037,0.0769,2.0
4698,55.9524,12.8836,45.408,12.5,0.2143,1.5
4699,70.8333,7.54,46.3938,0.0,0.0,1.5
4700,55.0,12.6736,47.0709,10.7143,0.2,1.6667
4701,63.3333,10.2008,47.2263,0.0,0.0,1.4
4702,58.3333,12.0202,48.1708,10.0,0.1429,1.2857
4703,75.4902,11.4665,48.1575,0.0,0.0,1.7059
4704,88.0952,2.5498,49.088,0.0,0.0,1.5
4705,62.5,13.3014,48.8718,3.4483,0.0625,1.75
4706,69.1176,8.197,49.5346,3.3333,0.0588,1.7059
4707,65.3846,7.9557,49.553,0.0,0.0,1.7692
4708,73.3333,8.8717,49.3969,3.4483,0.0667,1.8667
4709,87.7451,6.9378,48.9473,3.4483,0.0588,1.6471
4710,80.0,6.853,48.7578,0.0,0.0,1.7
4711,71.5385,9.4099,48.0103,4.0,0.0769,1.8462
4712,82.8431,8.707,47.0784,15.3846,0.2353,1.2941
4713,79.7619,9.1388,46.8433,9.0909,0.1429,1.4286
4714,68.75,6.8641,47.1578,0.0,0.0,1.625
4715,86.4286,3.7024,47.797,0.0,0.0,1.8571
4716,34.5238,22.9208,47.7778,16.6667,0.2857,1.4286
4717,87.5,6.2192,48.5309,0.0,0.0,1.5625
4718,68.75,11.8954,47.9758,0.0,0.0,1.75
4719,76.6667,10.401,47.8762,0.0,0.0,1.5333
4720,66.1458,11.3494,48.7789,0.0,0.0,1.5625
4721,63.9744,11.0435,48.0236,4.1667,0.0769,1.7692
4722,80.7692,4.7904,47.8859,5.0,0.0769,1.4615
4723,66.3636,11.6264,48.078,0.0,0.0,2.0
4724,90.0,3.9924,48.3605,0.0,0.0,1.6667
4725,81.8841,5.3627,48.5118,0.0,0.0,1.3478
4726,50.0,17.1421,47.202,11.5385,0.1875,1.4375
4727,79.1667,7.1527,47.4479,0.0,0.0,1.5
4728,83.3333,6.3608,47.5626,0.0,0.0,1.8235
4729,90.0,4.4456,48.5464,0.0,0.0,1.7333
4730,87.5,4.2698,50.1928,0.0,0.0,1.4375
4731,73.5294,8.9927,49.4826,7.6923,0.1176,1.4118
4732,61.1111,12.4444,48.8563,0.0,0.0,1.8667
4733,80.0,5.5787,48.75,0.0,0.0,1.4667
4734,68.75,10.594,47.9429,4.1667,0.0625,1.4375
4735,92.8571,3.7209,48.2869,0.0,0.0,1.5714
4736,65.4167,9.2018,47.7331,3.2258,0.05,1.5
4737,68.8889,10.7079,47.0607,3.8462,0.0667,1.6667
4738,75.8333,9.1558,47.318,0.0,0.0,1.9375
4739,82.0513,7.1983,47.8364,0.0,0.0,1.8462
4740,88.8889,4.6111,48.7894,0.0,0.0,1.6667
4741,50.5952,15.0009,49.3936,8.0,0.1429,1.6429
4742,55.1282,14.669,49.5206,0.0,0.0,1.5385
4743,74.5098,8.5781,49.3425,0.0,0.0,1.4118
4744,83.3333,6.8945,48.7599,7.1429,0.0833,1.0833
4745,64.8148,9.7761,48.2676,2.8571,0.0556,1.8889
4746,69.0476,10.1383,48.6896,5.5556,0.0714,1.2143
4747,72.2222,11.4854,48.8744,3.125,0.0556,1.7222
4748,84.4792,4.9842,49.2528,0.0,0.0,1.6875
4749,61.1111,9.3765,49.7762,0.0,0.0,1.6
4750,81.1111,7.587,49.5217,3.4483,0.0667,1.8667
4751,73.0769,8.9938,49.4317,0.0,0.0,1.7692
4752,64.2857,12.7068,48.4705,8.6957,0.1429,1.5
4753,78.8889,6.8917,48.1628,0.0,0.0,2.1667
4754,75.0,9.6218,47.8269,3.5714,0.05,1.35
4755,59.7222,14.7389,46.7645,5.5556,0.0833,1.4167
4756,55.2632,16.7821,46.8041,10.0,0.1579,1.4211
4757,73.1818,9.748,46.2868,4.1667,0.0909,2.0909
4758,66.6667,10.0179,46.073,3.8462,0.0667,1.6667
4759,62.5,10.2264,47.1618,0.0,0.0,1.6111
4760,64.5833,11.9839,47.9029,7.6923,0.125,1.5
4761,83.3333,6.0858,48.1449,0.0,0.0,1.4286
4762,54.1667,13.4969,48.0614,3.8462,0.0625,1.5625
4763,77.5641,9.301,47.8165,0.0,0.0,2.0
4764,85.4545,3.0316,48.5855,0.0,0.0,1.8182
4765,67.8571,10.1636,48.8614,4.7619,0.0714,1.4286
4766,72.0588,8.7216,49.1706,0.0,0.0,1.4706
4767,68.4211,10.8369,49.2713,3.8462,0.0526,1.3158
4768,88.8889,4.3906,49.3115,0.0,0.0,1.6111
4769,74.359,9.3926,49.6528,0.0,0.0,1.6923
4770,65.5556,11.1628,49.3227,3.8462,0.0667,1.6667
4771,73.3333,8.5771,49.5644,0.0,0.0,1.5333
4772,92.6471,4.1315,49.399,0.0,0.0,1.7059
4773,76.6667,7.9626,49.021,0.0,0.0,1.4667
4774,59.6154,15.3941,48.5295,0.0,0.0,1.7692
4775,76.8519,8.1933,48.6281,3.7037,0.0556,1.4444
4776,77.451,10.3037,47.8285,3.8462,0.0588,1.4706
4777,50.0,14.1357,47.7373,4.3478,0.0667,1.4667
4778,69.2982,10.398,47.6129,3.125,0.0526,1.6316
4779,73.2143,5.8566,47.8627,0.0,0.0,1.7857
4780,82.0513,7.794,48.2495,0.0,0.0,1.7692
4781,72.6191,10.6983,48.0489,0.0,0.0,1.7143
4782,56.4103,13.8362,47.9246,0.0,0.0,1.6923
4783,67.3611,9.7758,48.0997,0.0,0.0,1.6667
4784,84.4445,4.529,48.044,4.7619,0.0667,1.3333
4785,71.2963,8.4852,48.1326,3.8462,0.0556,1.3889
4786,55.5556,13.7516,48.6171,4.0,0.0667,1.6
4787,52.7778,16.1356,48.5713,0.0,0.0,1.4444
4788,85.8974,4.6122,48.9102,0.0,0.0,1.4615
4789,71.1403,10.6183,49.251,0.0,0.0,2.0
4790,65.4762,8.1559,48.7743,0.0,0.0,1.3571
4791,65.5556,11.9544,48.759,0.0,0.0,1.6667
4792,61.6667,10.5283,49.0458,0.0,0.0,2.1333
4793,92.4242,3.1761,49.3638,0.0,0.0,1.4545
4794,64.375,13.0359,48.2862,10.0,0.1875,1.6875
4795,66.0714,11.0071,48.3688,4.1667,0.0714,1.6429
4796,64.5833,10.1314,47.6968,0.0,0.0,1.3125
4797,70.5882,10.1869,47.2873,4.0,0.0588,1.4118
4798,57.2917,13.3236,48.4567,0.0,0.0,1.625
4799,71.2821,10.522,48.1067,3.8462,0.0769,1.9231
4800,82.3529,5.8854,48.6733,0.0,0.0,1.6471
4801,78.3333,7.8657,48.9984,0.0,0.0,1.6
4802,72.3958,10.0308,48.2398,3.5714,0.0625,1.6875
4803,73.3333,10.2525,48.6001,0.0,0.0,1.2667
4804,76.1905,9.2671,48.3839,0.0,0.0,1.6429
4805,61.5278,11.1333,48.1009,0.0,0.0,2.0
4806,63.3333,13.3152,47.9079,0.0,0.0,1.8333
4807,79.4118,8.8835,48.2476,0.0,0.0,1.5294
4808,76.3889,8.3604,48.8055,0.0,0.0,1.4444
4809,48.0392,14.2663,48.8632,0.0,0.0,1.5294
4810,67.6471,9.9949,49.4982,0.0,0.0,1.4706
4811,64.4445,9.9733,49.562,3.8462,0.0667,1.6667
4812,83.3333,6.1077,49.0196,3.4483,0.0625,1.75
4813,60.0,9.2293,48.8464,4.7619,0.0667,1.3333
4814,85.6481,5.9082,48.6359,3.4483,0.0556,1.5556
4815,72.4359,9.4277,48.399,4.7619,0.0769,1.5385
4816,79.1667,8.7771,48.7166,0.0,0.0,1.75
4817,85.2941,5.4858,49.1742,4.1667,0.0588,1.3529
4818,69.7917,8.4824,49.004,0.0,0.0,1.5
4819,68.8889,8.6247,48.9322,0.0,0.0,1.6
4820,78.4314,8.7834,48.566,0.0,0.0,1.7059
4821,82.3529,7.3542,48.8006,3.3333,0.0588,1.7059
4822,54.8718,16.9471,48.3717,0.0,0.0,1.7692
4823,85.8974,5.005,48.6384,0.0,0.0,1.7692
4824,61.1111,13.5286,48.2038,5.8824,0.0833,1.3333
4825,81.1111,6.5021,48.3922,0.0,0.0,1.8
4826,60.0,11.5876,48.0447,4.7619,0.0667,1.3333
4827,59.2593,10.9767,47.9359,13.0435,0.1667,1.1111
4828,62.7451,13.8867,47.4683,9.375,0.1765,1.7059
4829,74.4444,8.6494,46.8888,4.3478,0.0667,1.4667
4830,80.0,7.4366,47.3671,0.0,0.0,1.6875
4831,63.0392,11.8609,47.8912,0.0,0.0,1.7059
4832,96.1538,2.0632,49.2724,0.0,0.0,1.6154
4833,60.9375,12.3808,48.1724,12.1212,0.25,1.8125
4834,93.2292,3.2973,48.4451,0.0,0.0,1.75
4835,47.2222,18.5023,47.426,15.0,0.25,1.4167
4836,66.4445,12.5176,48.1063,3.5714,0.0667,1.8
4837,64.8148,13.1199,48.3429,11.1111,0.1667,1.3333
4838,51.1111,17.3364,46.7977,14.2857,0.2,1.2
4839,79.1667,7.8306,47.8716,0.0,0.0,1.5
4840,86.0714,5.731,47.8901,0.0,0.0,1.8571
4841,70.2381,7.7454,48.4124,0.0,0.0,1.7143
4842,81.25,7.1499,49.1177,4.0,0.0625,1.5
4843,61.7647,11.6192,48.9279,3.5714,0.0588,1.5882
4844,78.5714,6.8508,48.4885,0.0,0.0,1.6429
4845,71.875,8.5333,48.7474,0.0,0.0,1.375
4846,56.1539,10.2025,49.2501,0.0,0.0,1.8462
4847,75.641,6.4382,48.8985,9.0909,0.1538,1.5385
4848,53.3333,15.1806,48.9477,0.0,0.0,1.9167
4849,77.7778,7.3707,48.599,4.1667,0.0667,1.5333
4850,81.0606,7.7745,48.2924,3.2258,0.0455,1.3636
4851,76.0417,6.1715,48.4208,4.0,0.0625,1.5
4852,69.697,10.0087,48.4307,0.0,0.0,1.3636
4853,75.0,8.9345,48.3649,5.7143,0.1111,1.8333
4854,68.75,11.253,48.1998,4.1667,0.0625,1.4375
4855,82.1429,8.1391,48.4114,4.3478,0.0714,1.5714
4856,69.4444,10.3863,47.1441,7.1429,0.1111,1.4444
4857,61.5385,10.1663,47.0023,0.0,0.0,2.0
4858,62.5,11.2867,47.4105,0.0,0.0,1.25
4859,62.5,11.5459,48.0444,4.0,0.0625,1.5
4860,61.1111,14.9352,48.8556,0.0,0.0,1.5333
4861,72.807,11.819,49.1728,3.3333,0.0526,1.5263
4862,58.8889,14.2325,49.3363,0.0,0.0,1.6667
4863,74.7917,9.2124,48.8954,0.0,0.0,2.0
4864,76.9231,8.4105,48.6745,0.0,0.0,1.6154
4865,73.6111,7.5157,49.0138,0.0,0.0,1.6667
4866,85.5556,5.9645,49.24,4.1667,0.0667,1.5333
4867,53.3333,16.6951,48.5107,17.3913,0.2667,1.2667
4868,73.9583,9.1088,49.1482,0.0,0.0,1.5625
4869,50.0,14.287,48.4308,5.5556,0.0625,1.0625
4870,69.4444,11.5258,47.5159,5.1282,0.1111,2.0556
4871,61.1111,9.6821,47.6823,0.0,0.0,1.3333
4872,80.0,8.0866,47.7568,0.0,0.0,1.7222
4873,60.6667,13.1933,48.1294,8.0,0.1333,1.5333
4874,64.4445,11.3273,48.5265,0.0,0.0,1.6667
4875,70.098,10.6527,47.5193,3.2258,0.0588,1.7647
4876,71.4286,7.7158,47.7024,0.0,0.0,1.6429
4877,85.1191,5.4007,47.6303,0.0,0.0,1.6429
4878,69.0476,10.8164,48.6305,0.0,0.0,2.0
4879,53.7037,15.0626,49.0848,4.1667,0.0556,1.2778
4880,75.0,10.3945,49.0183,0.0,0.0,1.4286
4881,78.2407,8.0767,48.843,6.6667,0.1111,1.5556
4882,86.8182,8.26,48.5208,4.3478,0.0909,2.0
4883,66.6667,9.1584,49.416,0.0,0.0,1.6667
4884,65.2778,10.1601,49.2323,0.0,0.0,1.5556
4885,74.4792,7.4989,49.2474,0.0,0.0,1.6875
4886,88.4615,3.4107,49.7669,0.0,0.0,1.3846
4887,67.2222,11.0856,49.2278,4.3478,0.0667,1.4667
4888,72.8205,7.867,49.3938,0.0,0.0,2.0
4889,84.0909,4.4412,49.7671,0.0,0.0,1.9091
4890,73.8095,10.9428,49.3522,0.0,0.0,1.5714
4891,81.6667,4.6011,49.1686,0.0,0.0,1.4667
4892,80.5556,7.3114,49.5996,0.0,0.0,1.4444
4893,78.4314,6.9628,49.5116,0.0,0.0,1.5294
4894,71.7949,9.0637,49.3899,4.5455,0.0769,1.6154
4895,83.3333,6.3622,49.8415,0.0,0.0,1.7647
4896,77.7778,7.1378,49.1488,8.3333,0.1333,1.4667
4897,61.7647,13.3718,48.2546,6.8966,0.1176,1.5882
4898,70.0,9.6586,48.2227,11.1111,0.2,1.6
4899,89.7436,3.4796,48.247,0.0,0.0,1.6923
4900,78.7037,8.3323,48.6405,0.0,0.0,1.4444
4901,50.0,15.5644,48.7581,4.0,0.0588,1.4118
4902,80.9524,5.2796,49.1256,0.0,0.0,1.5714
4903,71.6667,11.0842,48.5373,8.8235,0.15,1.55
4904,83.3333,4.9947,48.3183,3.8462,0.0714,1.7857
4905,66.4103,10.9571,48.4361,0.0,0.0,1.7692
4906,67.8571,11.8668,47.8343,4.3478,0.0714,1.5714
4907,75.0,8.576,48.1611,0.0,0.0,1.5
4908,88.4615,2.8524,48.6695,0.0,0.0,1.5385
4909,81.25,8.0206,49.494,0.0,0.0,1.5
4910,85.4167,6.7081,49.2453,7.6923,0.125,1.5
4911,85.2941,5.0549,49.1085,0.0,0.0,1.7647
4912,75.9259,7.9719,48.7754,0.0,0.0,1.5
4913,84.8485,5.621,48.4144,0.0,0.0,1.5455
4914,71.4035,9.6868,47.9646,2.7778,0.0526,1.8421
4915,52.381,15.5019,47.4919,0.0,0.0,1.3571
4916,68.1373,12.8869,46.8695,3.4483,0.0588,1.6471
4917,81.25,6.2702,47.6954,0.0,0.0,1.9375
4918,74.359,11.3023,46.9347,10.5263,0.1538,1.3077
4919,63.9216,14.9807,47.1806,3.4483,0.0588,1.6471
4920,70.2381,10.0904,47.4318,0.0,0.0,1.6429
4921,93.75,3.4012,48.1259,0.0,0.0,1.25
4922,90.1961,3.187,48.73,0.0,0.0,1.5882
4923,83.3333,6.6896,49.2685,0.0,0.0,1.6667
4924,65.3333,12.1223,49.1804,3.7037,0.0667,1.7333
4925,74.5098,12.3929,47.5843,6.8966,0.1176,1.5882
4926,65.5556,11.0726,47.072,4.1667,0.0667,1.5333
4927,86.4583,4.9672,47.5697,0.0,0.0,1.5625
4928,78.5714,9.1701,48.0581,0.0,0.0,1.2143
4929,72.4359,9.7963,48.5572,4.5455,0.0769,1.6154
4930,73.3333,6.7065,49.2067,0.0,0.0,2.0833
4931,76.3889,7.7117,48.9825,0.0,0.0,1.8333
4932,63.2353,11.7279,47.8948,3.7037,0.0588,1.5294
4933,60.0,9.4976,48.0256,0.0,0.0,1.6
4934,71.5686,14.4485,47.2833,12.0,0.1765,1.2941
4935,64.5833,10.2476,47.124,4.1667,0.0625,1.4375
4936,86.6667,4.9487,48.4164,0.0,0.0,1.6
4937,74.0741,9.4589,48.8674,3.3333,0.0556,1.6111
4938,73.0769,9.8049,49.4696,0.0,0.0,1.4615
4939,71.4912,11.271,49.2701,2.8571,0.0526,1.7895
4940,65.4762,12.5499,47.9524,19.2308,0.3571,1.5
4941,71.1111,9.343,47.7136,0.0,0.0,1.4667
4942,68.5185,11.2367,47.9111,3.8462,0.0556,1.3889
4943,49.4444,16.7372,47.5854,4.1667,0.0667,1.5333
4944,71.1111,9.3569,48.5612,0.0,0.0,1.5333
4945,73.5294,8.1949,48.3839,0.0,0.0,1.5882
4946,71.0784,10.1395,47.7612,0.0,0.0,1.7647
4947,53.0769,17.5179,48.1505,0.0,0.0,1.6923
4948,49.4048,15.776,47.3999,8.3333,0.1429,1.5714
4949,75.0,7.2339,47.3659,0.0,0.0,1.4167
4950,77.0833,10.5574,47.605,6.8966,0.125,1.6875
4951,67.7778,12.0888,47.581,0.0,0.0,1.4
4952,76.0417,9.9432,48.1469,0.0,0.0,1.375
4953,82.672,6.2846,48.2319,2.8571,0.0556,1.8889
4954,70.2381,10.9323,48.6812,0.0,0.0,1.5
4955,74.4792,10.3859,48.777,3.7037,0.0625,1.625
4956,81.0417,5.9428,48.8042,0.0,0.0,1.625
4957,67.9487,12.689,48.4076,9.0909,0.1538,1.5385
4958,81.0185,8.3046,48.2966,0.0,0.0,1.7222
4959,79.4445,6.8087,48.8277,0.0,0.0,1.8
4960,76.1111,8.7694,48.7628,4.3478,0.0667,1.4667
4961,63.7778,12.2248,48.4583,0.0,0.0,1.6667
4962,77.451,9.3236,48.4639,3.8462,0.0588,1.4706
4963,60.7143,13.0442,48.0411,0.0,0.0,1.3571
4964,76.3889,7.7616,48.136,6.6667,0.1111,1.5556
4965,72.381,6.2816,48.9875,3.7037,0.0714,1.8571
4966,76.6667,9.1231,48.9785,0.0,0.0,1.5333
4967,84.375,6.53,48.9064,0.0,0.0,1.5625
4968,79.6875,8.107,49.6364,0.0,0.0,1.6875
4969,64.2857,12.8773,49.232,4.5455,0.0714,1.5
4970,48.0392,20.694,47.8159,4.0,0.0588,1.4118
4971,95.5,2.7826,47.8664,0.0,0.0,2.1
4972,51.1905,15.3795,47.4992,9.0909,0.1429,1.4286
4973,65.9091,10.6887,47.535,4.5455,0.0909,1.9091
4974,48.3333,16.7749,48.5644,0.0,0.0,1.6667
4975,64.9123,10.7694,47.9409,3.4483,0.0526,1.4737
4976,92.1569,5.2526,48.4408,0.0,0.0,1.3529
4977,66.6667,11.3639,47.9817,12.5,0.1667,1.1667
4978,69.4444,10.6237,47.8182,0.0,0.0,1.7778
4979,80.2083,7.8022,48.1908,8.0,0.125,1.4375
4980,70.2381,12.5199,47.7576,4.3478,0.0714,1.5714
4981,75.0,8.1132,48.8402,5.8824,0.1,1.6
4982,71.4103,10.6337,48.2004,7.1429,0.1538,2.0
4983,72.6191,10.3231,48.2527,5.5556,0.0714,1.2143
4984,73.5294,8.8833,47.8489,7.6923,0.1176,1.4118
4985,78.3333,7.5294,47.5302,0.0,0.0,1.4667
4986,62.037,13.2348,47.4647,0.0,0.0,1.6111
4987,62.5,13.6361,48.2249,7.4074,0.125,1.5625
4988,81.3542,9.0403,48.9927,0.0,0.0,1.9375
4989,73.0769,9.9644,49.2177,0.0,0.0,1.6154
4990,68.0556,10.0709,48.8575,5.8824,0.0833,1.3333
4991,82.2222,7.422,49.0351,0.0,0.0,1.6
4992,60.7143,14.2123,48.818,0.0,0.0,1.6429
4993,61.4583,13.3325,48.441,3.7037,0.0625,1.625
4994,63.3333,12.932,48.763,5.5556,0.0667,1.1333
4995,63.7255,10.2783,48.6238,0.0,0.0,2.1176
4996,47.4359,15.7331,48.4779,5.8824,0.0769,1.2308
4997,76.3158,8.1903,48.7156,3.0303,0.0526,1.6842
4998,50.8889,17.1123,49.1343,0.0,0.0,1.6
4999,85.4167,2.9291,49.6121,0.0,0.0,1.5625
